ID_Compra,ID_Cliente,ID_Produto,Quantidade,Data_Compra,Valor_Total
1,152,18,2,2024-03-06,529.5
2,54,11,2,2024-09-22,30.38
3,120,8,5,2024-07-23,2168.8
4,161,6,5,2024-02-27,411.1
5,152,1,4,2024-07-19,761.6
6,116,1,2,2024-08-12,380.8
7,75,8,5,2024-05-21,2168.8
8,113,5,2,2024-03-24,164.46
9,200,16,5,2024-05-22,478.95000000000005
10,164,11,1,2024-12-17,15.19
11,166,5,3,2024-02-02,246.69
12,104,4,1,2024-05-31,301.34
13,84,6,5,2024-06-06,411.1
14,112,14,3,2024-05-20,330.33
15,99,19,3,2024-09-07,656.4300000000001
16,153,9,5,2024-10-29,1512.75
17,93,12,5,2024-04-21,2425.55
18,146,11,2,2024-05-23,30.38
19,128,14,5,2024-07-27,550.55
20,110,16,4,2024-08-11,383.16
21,82,1,5,2024-02-12,952.0
22,194,13,4,2024-09-20,1668.24
23,54,13,5,2024-08-31,2085.3
24,163,2,2,2024-01-03,951.2
25,189,4,4,2024-05-04,1205.36
26,169,6,1,2024-09-24,82.22
27,161,5,4,2024-03-24,328.92
28,68,3,2,2024-01-16,734.68
29,33,1,4,2024-11-29,761.6
30,142,4,5,2024-02-28,1506.6999999999998
31,21,20,5,2024-06-25,745.8
32,48,2,2,2024-03-03,951.2
33,148,5,3,2024-02-18,246.69
34,128,3,5,2024-11-02,1836.6999999999998
35,136,9,1,2024-09-02,302.55
36,135,20,2,2024-10-15,298.32
37,195,6,4,2024-10-12,328.88
38,145,18,4,2024-11-27,1059.0
39,128,6,1,2024-01-15,82.22
40,33,19,5,2024-12-03,1094.05
41,176,12,2,2024-09-11,970.22
42,187,11,1,2024-04-01,15.19
43,115,2,5,2024-10-05,2378.0
44,119,15,2,2024-07-24,190.0
45,22,12,4,2024-04-03,1940.44
46,158,12,2,2024-08-12,970.22
47,38,9,3,2024-10-27,907.6500000000001
48,109,2,2,2024-11-13,951.2
49,51,3,3,2024-07-17,1102.02
50,182,12,2,2024-09-27,970.22
51,8,16,3,2024-08-21,287.37
52,27,1,4,2024-02-15,761.6
53,27,3,5,2024-03-04,1836.6999999999998
54,21,20,3,2024-08-17,447.48
55,30,2,3,2024-09-05,1426.8000000000002
56,97,9,4,2024-09-02,1210.2
57,28,19,3,2024-03-15,656.4300000000001
58,111,15,1,2024-06-05,95.0
59,192,18,4,2024-08-10,1059.0
60,197,11,1,2024-07-08,15.19
61,61,16,4,2024-02-21,383.16
62,48,17,3,2024-03-28,466.79999999999995
63,147,5,1,2024-11-08,82.23
64,4,12,3,2024-12-04,1455.33
65,35,11,4,2024-03-06,60.76
66,192,15,3,2024-05-29,285.0
67,49,3,1,2024-01-20,367.34
68,17,1,1,2024-02-02,190.4
69,172,20,3,2024-11-23,447.48
70,158,16,2,2024-10-07,191.58
71,46,2,4,2024-02-15,1902.4
72,117,2,4,2024-03-13,1902.4
73,6,3,3,2024-12-19,1102.02
74,99,8,2,2024-11-08,867.52
75,124,15,1,2024-12-08,95.0
76,37,7,5,2024-05-12,168.75
77,24,6,5,2024-02-24,411.1
78,93,9,3,2024-03-01,907.6500000000001
79,46,20,2,2024-12-10,298.32
80,181,1,2,2024-01-08,380.8
81,95,8,4,2024-09-28,1735.04
82,99,3,1,2024-09-02,367.34
83,188,4,2,2024-06-24,602.68
84,116,15,5,2024-04-25,475.0
85,191,6,1,2024-11-12,82.22
86,160,15,1,2024-09-27,95.0
87,161,3,3,2024-07-11,1102.02
88,67,14,2,2024-05-29,220.22
89,128,20,3,2024-05-10,447.48
90,18,14,2,2024-04-11,220.22
91,25,4,4,2024-11-05,1205.36
92,54,12,3,2024-09-26,1455.33
93,58,17,3,2024-10-18,466.79999999999995
94,67,7,5,2024-07-28,168.75
95,104,9,3,2024-12-26,907.6500000000001
96,174,3,2,2024-12-03,734.68
97,24,13,5,2024-03-07,2085.3
98,114,15,3,2024-01-10,285.0
99,32,18,3,2024-02-18,794.25
100,175,19,4,2024-04-20,875.24
101,86,1,3,2024-11-16,571.2
102,151,6,1,2024-08-06,82.22
103,194,2,5,2024-02-26,2378.0
104,127,14,1,2024-10-09,110.11
105,155,6,5,2024-04-22,411.1
106,130,14,4,2024-05-12,440.44
107,17,4,3,2024-03-11,904.02
108,104,8,3,2024-03-23,1301.28
109,161,3,3,2024-02-26,1102.02
110,137,19,5,2024-12-14,1094.05
111,43,14,3,2024-09-27,330.33
112,176,20,1,2024-04-20,149.16
113,39,17,3,2024-12-22,466.79999999999995
114,170,8,4,2024-03-16,1735.04
115,26,14,1,2024-06-06,110.11
116,99,6,3,2024-01-20,246.66
117,50,16,3,2024-05-10,287.37
118,153,19,2,2024-11-24,437.62
119,152,14,5,2024-05-01,550.55
120,13,19,1,2024-02-10,218.81
121,60,3,2,2024-06-15,734.68
122,135,10,4,2024-05-09,1422.0
123,57,19,5,2024-01-23,1094.05
124,36,9,1,2024-10-05,302.55
125,173,20,3,2024-09-07,447.48
126,20,13,1,2024-01-09,417.06
127,65,7,3,2024-01-13,101.25
128,8,14,5,2024-11-02,550.55
129,144,9,3,2024-11-15,907.6500000000001
130,142,19,4,2024-02-21,875.24
131,115,15,3,2024-07-27,285.0
132,143,20,4,2024-02-07,596.64
133,92,14,5,2024-04-09,550.55
134,98,6,5,2024-07-11,411.1
135,66,4,1,2024-07-09,301.34
136,32,8,4,2024-02-20,1735.04
137,191,17,4,2024-05-20,622.4
138,86,9,2,2024-06-16,605.1
139,51,1,2,2024-11-06,380.8
140,153,20,2,2024-04-18,298.32
141,186,14,3,2024-07-25,330.33
142,63,11,2,2024-10-26,30.38
143,190,3,4,2024-04-19,1469.36
144,125,9,3,2024-07-14,907.6500000000001
145,150,14,5,2024-05-31,550.55
146,58,9,1,2024-08-30,302.55
147,58,4,2,2024-05-07,602.68
148,86,4,5,2024-04-14,1506.6999999999998
149,49,8,4,2024-01-10,1735.04
150,180,2,1,2024-12-21,475.6
151,170,9,5,2024-05-27,1512.75
152,70,14,1,2024-12-30,110.11
153,15,9,2,2024-12-29,605.1
154,54,16,4,2024-05-19,383.16
155,188,17,1,2024-07-08,155.6
156,101,16,5,2024-04-03,478.95000000000005
157,8,12,2,2024-08-16,970.22
158,53,3,2,2024-03-03,734.68
159,60,11,5,2024-12-05,75.95
160,108,14,5,2024-01-25,550.55
161,5,18,1,2024-09-24,264.75
162,103,5,3,2024-10-07,246.69
163,196,16,2,2024-01-11,191.58
164,6,20,1,2024-11-15,149.16
165,109,5,5,2024-07-19,411.15000000000003
166,116,3,1,2024-05-05,367.34
167,94,12,5,2024-11-01,2425.55
168,47,1,4,2024-07-08,761.6
169,99,9,5,2024-03-29,1512.75
170,55,9,5,2024-12-20,1512.75
171,168,4,5,2024-04-25,1506.6999999999998
172,52,3,3,2024-12-17,1102.02
173,144,17,5,2024-06-25,778.0
174,13,2,2,2024-01-14,951.2
175,114,1,2,2024-09-13,380.8
176,124,8,1,2024-07-27,433.76
177,106,13,3,2024-10-07,1251.18
178,158,15,1,2024-11-23,95.0
179,147,8,2,2024-11-20,867.52
180,145,12,2,2024-04-14,970.22
181,120,12,4,2024-05-26,1940.44
182,63,14,5,2024-10-05,550.55
183,19,15,2,2024-01-09,190.0
184,92,15,1,2024-04-27,95.0
185,58,9,1,2024-04-03,302.55
186,183,19,5,2024-05-23,1094.05
187,90,20,5,2024-10-15,745.8
188,117,8,4,2024-01-14,1735.04
189,62,19,3,2024-09-13,656.4300000000001
190,23,6,1,2024-12-11,82.22
191,127,20,5,2024-07-04,745.8
192,137,19,1,2024-12-10,218.81
193,140,4,5,2024-07-25,1506.6999999999998
194,129,7,2,2024-12-11,67.5
195,58,4,1,2024-06-20,301.34
196,122,12,2,2024-09-26,970.22
197,1,13,1,2024-08-08,417.06
198,34,3,3,2024-05-31,1102.02
199,96,12,4,2024-04-20,1940.44
200,126,2,2,2024-07-01,951.2
201,118,2,5,2024-12-04,2378.0
202,48,9,3,2024-03-12,907.6500000000001
203,89,1,1,2024-10-09,190.4
204,117,8,2,2024-03-14,867.52
205,129,6,1,2024-12-20,82.22
206,16,6,1,2024-08-02,82.22
207,189,18,1,2024-11-23,264.75
208,192,17,4,2024-01-23,622.4
209,191,12,4,2024-03-08,1940.44
210,69,6,5,2024-12-27,411.1
211,22,8,2,2024-04-02,867.52
212,93,19,3,2024-11-16,656.4300000000001
213,195,10,3,2024-11-19,1066.5
214,76,1,3,2024-03-03,571.2
215,154,13,1,2024-08-11,417.06
216,144,17,4,2024-08-12,622.4
217,179,3,2,2024-12-11,734.68
218,86,8,1,2024-12-02,433.76
219,185,14,4,2024-04-12,440.44
220,29,3,4,2024-08-02,1469.36
221,69,16,2,2024-07-10,191.58
222,47,13,2,2024-06-08,834.12
223,94,20,2,2024-07-25,298.32
224,190,17,1,2024-09-25,155.6
225,197,13,5,2024-07-12,2085.3
226,144,6,2,2024-05-31,164.44
227,176,17,5,2024-08-24,778.0
228,85,14,1,2024-03-28,110.11
229,39,17,5,2024-01-11,778.0
230,100,8,3,2024-07-05,1301.28
231,33,11,5,2024-08-01,75.95
232,101,20,2,2024-01-15,298.32
233,23,1,1,2024-09-22,190.4
234,10,7,2,2024-10-23,67.5
235,69,17,3,2024-03-13,466.79999999999995
236,100,10,2,2024-02-21,711.0
237,34,11,2,2024-05-07,30.38
238,180,9,2,2024-01-28,605.1
239,138,9,4,2024-03-05,1210.2
240,147,5,3,2024-01-17,246.69
241,186,17,2,2024-12-16,311.2
242,96,9,2,2024-05-17,605.1
243,1,17,2,2024-11-14,311.2
244,69,19,1,2024-08-16,218.81
245,4,7,4,2024-09-10,135.0
246,16,9,1,2024-07-28,302.55
247,24,7,4,2024-10-20,135.0
248,80,13,2,2024-08-18,834.12
249,2,11,3,2024-08-28,45.57
250,128,14,5,2024-03-10,550.55
251,160,19,5,2024-04-13,1094.05
252,84,11,2,2024-07-22,30.38
253,152,13,1,2024-02-22,417.06
254,140,14,3,2024-11-25,330.33
255,178,13,4,2024-02-23,1668.24
256,163,1,2,2024-10-02,380.8
257,124,8,3,2024-11-30,1301.28
258,33,12,3,2024-01-31,1455.33
259,161,19,4,2024-05-14,875.24
260,189,12,3,2024-02-27,1455.33
261,179,8,1,2024-04-14,433.76
262,171,8,1,2024-09-22,433.76
263,101,13,1,2024-01-10,417.06
264,12,12,3,2024-09-09,1455.33
265,67,16,1,2024-10-21,95.79
266,65,1,4,2024-06-04,761.6
267,161,13,3,2024-06-06,1251.18
268,168,7,5,2024-02-06,168.75
269,74,5,3,2024-04-28,246.69
270,43,8,4,2024-03-07,1735.04
271,44,14,5,2024-08-29,550.55
272,29,13,3,2024-10-25,1251.18
273,141,15,1,2024-07-31,95.0
274,12,17,2,2024-11-03,311.2
275,95,15,2,2024-04-10,190.0
276,46,20,1,2024-02-25,149.16
277,130,18,2,2024-11-27,529.5
278,35,18,2,2024-11-19,529.5
279,81,2,1,2024-08-26,475.6
280,90,4,1,2024-08-18,301.34
281,8,1,3,2024-12-27,571.2
282,93,4,3,2024-04-01,904.02
283,154,18,1,2024-10-05,264.75
284,90,5,4,2024-04-18,328.92
285,162,19,2,2024-11-12,437.62
286,115,15,3,2024-06-16,285.0
287,105,8,2,2024-10-26,867.52
288,135,20,5,2024-08-05,745.8
289,196,17,1,2024-08-09,155.6
290,58,1,4,2024-06-09,761.6
291,114,12,5,2024-01-16,2425.55
292,75,19,5,2024-10-04,1094.05
293,157,15,5,2024-02-26,475.0
294,120,9,1,2024-03-02,302.55
295,164,7,3,2024-12-28,101.25
296,21,2,1,2024-11-22,475.6
297,164,9,3,2024-08-29,907.6500000000001
298,138,10,5,2024-03-30,1777.5
299,101,2,5,2024-03-12,2378.0
300,152,19,4,2024-11-21,875.24
301,192,11,3,2024-01-30,45.57
302,177,13,5,2024-12-24,2085.3
303,99,10,2,2024-10-14,711.0
304,36,14,4,2024-03-26,440.44
305,96,18,1,2024-08-21,264.75
306,152,19,4,2024-08-22,875.24
307,151,9,2,2024-11-08,605.1
308,190,7,3,2024-12-30,101.25
309,37,3,1,2024-09-21,367.34
310,12,20,1,2024-10-13,149.16
311,113,6,3,2024-11-22,246.66
312,183,2,4,2024-09-25,1902.4
313,13,6,5,2024-07-04,411.1
314,23,3,4,2024-05-10,1469.36
315,99,16,2,2024-10-17,191.58
316,105,8,5,2024-10-03,2168.8
317,30,2,4,2024-11-15,1902.4
318,17,17,3,2024-12-16,466.79999999999995
319,113,9,2,2024-06-28,605.1
320,62,12,2,2024-10-16,970.22
321,84,3,2,2024-06-11,734.68
322,112,11,5,2024-09-27,75.95
323,86,1,1,2024-04-05,190.4
324,141,13,5,2024-09-18,2085.3
325,187,15,4,2024-12-30,380.0
326,19,5,1,2024-12-18,82.23
327,177,17,4,2024-10-14,622.4
328,100,6,1,2024-03-23,82.22
329,140,11,5,2024-08-12,75.95
330,189,18,2,2024-08-10,529.5
331,147,4,3,2024-04-27,904.02
332,76,3,2,2024-07-10,734.68
333,9,13,5,2024-03-19,2085.3
334,199,9,1,2024-03-18,302.55
335,28,6,2,2024-05-26,164.44
336,128,12,5,2024-04-16,2425.55
337,52,2,4,2024-09-27,1902.4
338,83,3,3,2024-08-31,1102.02
339,111,3,2,2024-03-13,734.68
340,144,12,1,2024-12-22,485.11
341,117,15,4,2024-12-19,380.0
342,69,9,5,2024-01-26,1512.75
343,99,8,3,2024-07-28,1301.28
344,140,11,1,2024-04-01,15.19
345,25,16,5,2024-05-04,478.95000000000005
346,180,4,5,2024-03-13,1506.6999999999998
347,123,1,2,2024-05-02,380.8
348,53,7,2,2024-11-04,67.5
349,151,2,1,2024-07-02,475.6
350,144,5,5,2024-07-05,411.15000000000003
351,57,7,2,2024-07-16,67.5
352,39,4,3,2024-03-18,904.02
353,109,5,3,2024-12-13,246.69
354,181,1,5,2024-07-04,952.0
355,42,1,2,2024-12-09,380.8
356,186,15,1,2024-09-09,95.0
357,167,20,1,2024-01-13,149.16
358,142,19,1,2024-10-25,218.81
359,122,10,3,2024-03-16,1066.5
360,133,18,2,2024-02-20,529.5
361,163,3,2,2024-10-01,734.68
362,75,11,3,2024-05-28,45.57
363,146,15,1,2024-08-06,95.0
364,76,11,1,2024-05-01,15.19
365,9,17,5,2024-07-29,778.0
366,74,17,4,2024-10-06,622.4
367,186,6,2,2024-01-26,164.44
368,145,5,2,2024-06-21,164.46
369,7,8,2,2024-06-04,867.52
370,174,2,4,2024-08-25,1902.4
371,141,16,5,2024-03-22,478.95000000000005
372,168,20,4,2024-12-21,596.64
373,170,12,1,2024-09-29,485.11
374,137,6,1,2024-03-08,82.22
375,178,1,2,2024-02-13,380.8
376,27,4,3,2024-03-01,904.02
377,122,17,2,2024-05-02,311.2
378,194,13,3,2024-12-14,1251.18
379,5,18,4,2024-07-14,1059.0
380,29,5,1,2024-11-25,82.23
381,165,3,3,2024-11-18,1102.02
382,166,11,4,2024-04-20,60.76
383,83,13,1,2024-09-14,417.06
384,136,4,3,2024-03-29,904.02
385,109,14,2,2024-07-16,220.22
386,65,11,2,2024-10-08,30.38
387,86,10,2,2024-07-18,711.0
388,145,19,4,2024-04-08,875.24
389,71,18,2,2024-01-27,529.5
390,45,6,5,2024-03-29,411.1
391,132,15,1,2024-05-25,95.0
392,36,10,4,2024-06-30,1422.0
393,70,5,2,2024-09-13,164.46
394,159,5,1,2024-07-07,82.23
395,19,10,3,2024-08-27,1066.5
396,189,5,2,2024-12-24,164.46
397,108,3,1,2024-07-14,367.34
398,182,6,5,2024-10-23,411.1
399,167,4,3,2024-06-13,904.02
400,91,18,5,2024-11-02,1323.75
401,90,9,1,2024-09-27,302.55
402,19,17,5,2024-01-08,778.0
403,39,13,1,2024-02-07,417.06
404,126,15,1,2024-04-23,95.0
405,195,20,5,2024-12-04,745.8
406,173,17,1,2024-02-25,155.6
407,141,13,2,2024-12-24,834.12
408,126,16,1,2024-05-17,95.79
409,58,4,4,2024-04-11,1205.36
410,148,5,1,2024-11-29,82.23
411,200,5,4,2024-06-25,328.92
412,61,9,1,2024-06-17,302.55
413,127,17,1,2024-12-04,155.6
414,105,13,5,2024-10-12,2085.3
415,167,2,2,2024-09-17,951.2
416,1,13,2,2024-08-10,834.12
417,131,19,3,2024-07-17,656.4300000000001
418,92,3,5,2024-07-29,1836.6999999999998
419,190,10,5,2024-10-13,1777.5
420,191,2,2,2024-06-28,951.2
421,113,13,5,2024-09-06,2085.3
422,153,19,2,2024-08-18,437.62
423,56,17,5,2024-01-23,778.0
424,161,14,1,2024-02-17,110.11
425,166,12,2,2024-04-18,970.22
426,117,12,2,2024-10-22,970.22
427,134,11,4,2024-01-06,60.76
428,58,7,5,2024-02-07,168.75
429,44,4,5,2024-06-17,1506.6999999999998
430,173,19,2,2024-12-21,437.62
431,160,1,1,2024-10-09,190.4
432,173,3,1,2024-07-21,367.34
433,61,13,1,2024-11-20,417.06
434,47,15,5,2024-11-08,475.0
435,149,2,4,2024-09-29,1902.4
436,80,11,2,2024-08-31,30.38
437,118,4,3,2024-11-22,904.02
438,164,19,4,2024-02-16,875.24
439,147,17,3,2024-09-05,466.79999999999995
440,20,3,4,2024-03-19,1469.36
441,185,18,1,2024-04-19,264.75
442,146,8,5,2024-01-13,2168.8
443,47,19,3,2024-12-30,656.4300000000001
444,49,5,4,2024-03-30,328.92
445,14,7,5,2024-12-07,168.75
446,143,8,3,2024-12-13,1301.28
447,159,5,2,2024-10-06,164.46
448,1,17,4,2024-08-08,622.4
449,117,5,2,2024-03-13,164.46
450,54,4,1,2024-08-21,301.34
451,118,19,2,2024-09-16,437.62
452,3,2,2,2024-04-22,951.2
453,144,11,4,2024-02-15,60.76
454,185,13,1,2024-09-30,417.06
455,12,15,2,2024-02-12,190.0
456,74,12,5,2024-07-26,2425.55
457,16,11,3,2024-12-14,45.57
458,200,7,2,2024-04-12,67.5
459,102,5,1,2024-05-03,82.23
460,152,17,2,2024-01-10,311.2
461,156,20,3,2024-11-24,447.48
462,117,9,1,2024-07-05,302.55
463,8,14,4,2024-01-31,440.44
464,122,12,1,2024-06-04,485.11
465,92,6,4,2024-02-29,328.88
466,164,17,1,2024-09-05,155.6
467,90,19,3,2024-09-26,656.4300000000001
468,136,19,3,2024-08-04,656.4300000000001
469,186,16,1,2024-01-02,95.79
470,60,12,2,2024-01-24,970.22
471,178,12,3,2024-07-24,1455.33
472,28,20,4,2024-11-15,596.64
473,101,6,4,2024-07-17,328.88
474,41,4,5,2024-12-21,1506.6999999999998
475,192,6,4,2024-04-23,328.88
476,155,11,5,2024-10-06,75.95
477,191,1,1,2024-06-03,190.4
478,145,15,1,2024-06-13,95.0
479,161,11,1,2024-08-09,15.19
480,157,19,2,2024-03-31,437.62
481,141,18,2,2024-06-15,529.5
482,46,17,5,2024-07-25,778.0
483,35,19,4,2024-10-08,875.24
484,134,14,4,2024-03-05,440.44
485,82,18,1,2024-01-04,264.75
486,115,19,3,2024-06-05,656.4300000000001
487,197,15,2,2024-09-05,190.0
488,47,15,2,2024-09-13,190.0
489,153,4,1,2024-08-22,301.34
490,194,7,2,2024-11-01,67.5
491,10,13,1,2024-12-31,417.06
492,56,3,5,2024-03-14,1836.6999999999998
493,30,16,4,2024-07-05,383.16
494,109,9,3,2024-03-02,907.6500000000001
495,5,8,4,2024-12-02,1735.04
496,119,20,4,2024-06-12,596.64
497,33,13,5,2024-02-25,2085.3
498,118,17,2,2024-04-20,311.2
499,65,17,3,2024-08-05,466.79999999999995
500,146,17,2,2024-08-27,311.2
501,177,1,4,2024-01-21,761.6
502,11,8,1,2024-05-20,433.76
503,85,19,4,2024-09-21,875.24
504,26,6,2,2024-05-18,164.44
505,63,3,4,2024-03-10,1469.36
506,86,5,1,2024-04-27,82.23
507,59,13,5,2024-07-16,2085.3
508,27,15,2,2024-07-23,190.0
509,177,14,4,2024-08-01,440.44
510,161,16,2,2024-02-25,191.58
511,98,18,5,2024-10-13,1323.75
512,105,11,4,2024-10-19,60.76
513,99,3,4,2024-06-23,1469.36
514,129,10,2,2024-12-12,711.0
515,149,10,2,2024-05-07,711.0
516,55,16,1,2024-11-20,95.79
517,6,12,5,2024-10-18,2425.55
518,197,2,1,2024-10-14,475.6
519,95,9,4,2024-08-13,1210.2
520,133,3,2,2024-03-04,734.68
521,102,15,4,2024-02-17,380.0
522,3,3,4,2024-07-20,1469.36
523,181,19,3,2024-12-02,656.4300000000001
524,23,18,3,2024-02-29,794.25
525,53,8,4,2024-09-13,1735.04
526,165,17,2,2024-03-05,311.2
527,83,8,4,2024-08-26,1735.04
528,145,7,3,2024-10-15,101.25
529,85,7,2,2024-02-07,67.5
530,78,3,4,2024-01-25,1469.36
531,110,1,5,2024-02-28,952.0
532,1,4,5,2024-12-22,1506.6999999999998
533,51,5,4,2024-10-23,328.92
534,173,1,2,2024-06-06,380.8
535,4,15,4,2024-02-26,380.0
536,190,5,4,2024-02-17,328.92
537,193,13,3,2024-11-23,1251.18
538,113,8,5,2024-02-25,2168.8
539,32,8,3,2024-03-05,1301.28
540,34,5,3,2024-09-24,246.69
541,92,9,4,2024-03-09,1210.2
542,95,1,3,2024-08-03,571.2
543,72,4,5,2024-03-29,1506.6999999999998
544,39,3,3,2024-10-07,1102.02
545,154,2,5,2024-09-13,2378.0
546,162,8,3,2024-06-08,1301.28
547,182,9,5,2024-08-21,1512.75
548,118,2,3,2024-05-10,1426.8000000000002
549,3,14,3,2024-02-18,330.33
550,123,14,2,2024-05-26,220.22
551,50,4,5,2024-11-11,1506.6999999999998
552,12,6,5,2024-01-02,411.1
553,193,11,5,2024-11-24,75.95
554,54,3,1,2024-05-24,367.34
555,133,8,3,2024-12-31,1301.28
556,57,3,5,2024-03-01,1836.6999999999998
557,145,14,1,2024-09-29,110.11
558,112,13,2,2024-02-18,834.12
559,47,13,5,2024-11-27,2085.3
560,151,2,5,2024-05-10,2378.0
561,85,13,1,2024-02-12,417.06
562,142,19,3,2024-02-26,656.4300000000001
563,66,6,2,2024-02-19,164.44
564,75,16,5,2024-06-26,478.95000000000005
565,179,2,3,2024-10-19,1426.8000000000002
566,103,8,2,2024-02-15,867.52
567,166,17,4,2024-06-18,622.4
568,192,2,4,2024-09-27,1902.4
569,38,10,2,2024-12-01,711.0
570,50,16,1,2024-05-18,95.79
571,98,6,2,2024-09-03,164.44
572,82,2,2,2024-05-27,951.2
573,30,2,1,2024-08-17,475.6
574,79,13,1,2024-10-06,417.06
575,91,15,3,2024-05-04,285.0
576,179,2,3,2024-07-10,1426.8000000000002
577,191,7,1,2024-03-20,33.75
578,52,3,4,2024-04-03,1469.36
579,166,8,4,2024-08-13,1735.04
580,79,14,2,2024-03-05,220.22
581,30,7,5,2024-03-28,168.75
582,106,7,2,2024-03-28,67.5
583,51,1,2,2024-07-19,380.8
584,81,17,5,2024-08-01,778.0
585,133,9,1,2024-07-22,302.55
586,29,13,4,2024-03-29,1668.24
587,132,19,2,2024-03-01,437.62
588,138,19,5,2024-09-27,1094.05
589,184,17,3,2024-04-03,466.79999999999995
590,145,10,2,2024-11-02,711.0
591,74,10,4,2024-01-27,1422.0
592,17,4,1,2024-08-01,301.34
593,84,8,2,2024-03-14,867.52
594,69,20,2,2024-03-01,298.32
595,34,20,5,2024-07-04,745.8
596,6,18,3,2024-01-31,794.25
597,53,14,3,2024-08-06,330.33
598,194,18,1,2024-01-12,264.75
599,126,14,4,2024-10-28,440.44
600,43,20,1,2024-02-01,149.16
601,115,15,2,2024-06-08,190.0
602,111,4,2,2024-08-24,602.68
603,151,13,3,2024-08-14,1251.18
604,183,8,4,2024-06-29,1735.04
605,80,18,5,2024-11-12,1323.75
606,95,12,4,2024-02-15,1940.44
607,118,14,2,2024-12-06,220.22
608,144,2,5,2024-03-20,2378.0
609,8,18,4,2024-05-14,1059.0
610,132,2,4,2024-09-16,1902.4
611,104,11,5,2024-11-03,75.95
612,132,9,2,2024-09-03,605.1
613,184,12,4,2024-06-07,1940.44
614,25,17,5,2024-07-21,778.0
615,195,15,2,2024-04-21,190.0
616,96,17,5,2024-10-18,778.0
617,195,18,5,2024-11-05,1323.75
618,155,6,4,2024-04-28,328.88
619,93,17,2,2024-01-17,311.2
620,160,18,4,2024-11-26,1059.0
621,178,8,1,2024-08-14,433.76
622,61,9,1,2024-12-26,302.55
623,122,6,2,2024-04-26,164.44
624,51,5,5,2024-02-12,411.15000000000003
625,147,12,4,2024-04-24,1940.44
626,21,11,4,2024-10-09,60.76
627,5,1,2,2024-02-06,380.8
628,92,11,2,2024-10-28,30.38
629,170,19,1,2024-04-22,218.81
630,61,9,3,2024-02-04,907.6500000000001
631,22,2,2,2024-05-11,951.2
632,149,12,3,2024-12-01,1455.33
633,70,4,2,2024-12-01,602.68
634,1,4,5,2024-08-15,1506.6999999999998
635,133,18,5,2024-05-26,1323.75
636,12,15,1,2024-05-01,95.0
637,90,19,1,2024-03-21,218.81
638,46,13,3,2024-06-21,1251.18
639,34,19,2,2024-06-02,437.62
640,177,17,4,2024-05-29,622.4
641,78,6,1,2024-02-27,82.22
642,45,16,4,2024-03-03,383.16
643,155,12,4,2024-06-04,1940.44
644,73,19,2,2024-12-21,437.62
645,26,5,3,2024-11-17,246.69
646,47,17,2,2024-06-16,311.2
647,121,1,1,2024-06-14,190.4
648,56,10,4,2024-03-25,1422.0
649,94,15,2,2024-05-16,190.0
650,107,11,2,2024-07-07,30.38
651,63,13,2,2024-01-02,834.12
652,48,5,1,2024-04-15,82.23
653,61,1,3,2024-12-29,571.2
654,81,12,2,2024-03-12,970.22
655,26,11,1,2024-05-05,15.19
656,36,17,4,2024-06-18,622.4
657,1,4,5,2024-07-23,1506.6999999999998
658,8,15,1,2024-11-08,95.0
659,113,9,5,2024-12-02,1512.75
660,99,20,2,2024-07-13,298.32
661,180,19,2,2024-06-06,437.62
662,47,19,1,2024-05-20,218.81
663,127,12,5,2024-10-01,2425.55
664,56,5,2,2024-01-07,164.46
665,14,10,4,2024-02-23,1422.0
666,28,17,3,2024-04-13,466.79999999999995
667,78,5,3,2024-12-07,246.69
668,130,16,2,2024-12-03,191.58
669,109,7,5,2024-03-01,168.75
670,154,9,2,2024-03-27,605.1
671,14,3,5,2024-09-14,1836.6999999999998
672,187,15,4,2024-06-26,380.0
673,56,16,5,2024-08-29,478.95000000000005
674,115,18,2,2024-07-21,529.5
675,7,14,4,2024-01-31,440.44
676,3,3,1,2024-10-15,367.34
677,111,12,3,2024-03-20,1455.33
678,151,9,2,2024-01-11,605.1
679,107,7,2,2024-09-10,67.5
680,18,9,2,2024-10-13,605.1
681,38,13,4,2024-06-24,1668.24
682,115,18,1,2024-05-05,264.75
683,15,5,5,2024-02-16,411.15000000000003
684,192,13,1,2024-07-24,417.06
685,119,4,4,2024-04-16,1205.36
686,28,2,2,2024-10-01,951.2
687,39,16,3,2024-12-02,287.37
688,185,9,2,2024-05-02,605.1
689,17,9,5,2024-05-13,1512.75
690,86,6,3,2024-04-16,246.66
691,126,11,2,2024-10-31,30.38
692,44,1,3,2024-11-24,571.2
693,25,4,1,2024-02-19,301.34
694,145,13,4,2024-12-02,1668.24
695,13,13,2,2024-04-04,834.12
696,25,13,5,2024-09-24,2085.3
697,68,2,1,2024-01-23,475.6
698,138,9,2,2024-02-23,605.1
699,67,8,1,2024-09-10,433.76
700,109,7,5,2024-08-22,168.75
701,146,4,2,2024-02-28,602.68
702,111,18,5,2024-06-12,1323.75
703,111,3,3,2024-09-15,1102.02
704,34,6,5,2024-11-09,411.1
705,111,12,3,2024-08-03,1455.33
706,8,12,2,2024-07-01,970.22
707,168,8,3,2024-02-26,1301.28
708,113,1,2,2024-05-24,380.8
709,83,4,2,2024-03-30,602.68
710,42,11,4,2024-11-06,60.76
711,169,3,2,2024-02-14,734.68
712,101,13,3,2024-09-13,1251.18
713,6,17,4,2024-01-21,622.4
714,180,10,4,2024-01-21,1422.0
715,26,12,2,2024-02-21,970.22
716,64,15,5,2024-12-03,475.0
717,187,10,5,2024-06-19,1777.5
718,184,14,4,2024-03-07,440.44
719,59,13,2,2024-04-22,834.12
720,109,5,5,2024-10-26,411.15000000000003
721,198,6,2,2024-06-08,164.44
722,121,2,2,2024-09-22,951.2
723,33,17,4,2024-11-15,622.4
724,181,4,4,2024-08-19,1205.36
725,150,14,1,2024-11-20,110.11
726,21,10,5,2024-03-08,1777.5
727,198,3,5,2024-01-28,1836.6999999999998
728,70,3,5,2024-04-25,1836.6999999999998
729,112,15,3,2024-02-20,285.0
730,4,6,2,2024-06-29,164.44
731,94,17,4,2024-09-16,622.4
732,75,12,5,2024-03-19,2425.55
733,190,20,1,2024-09-29,149.16
734,62,11,5,2024-04-17,75.95
735,94,4,2,2024-03-14,602.68
736,95,6,2,2024-06-23,164.44
737,152,1,4,2024-07-02,761.6
738,55,20,3,2024-01-23,447.48
739,137,16,4,2024-09-30,383.16
740,131,15,5,2024-05-08,475.0
741,31,17,1,2024-10-17,155.6
742,40,8,4,2024-11-15,1735.04
743,36,12,3,2024-07-04,1455.33
744,152,10,4,2024-02-28,1422.0
745,6,15,2,2024-01-01,190.0
746,66,9,5,2024-05-10,1512.75
747,75,2,5,2024-03-07,2378.0
748,4,5,5,2024-10-19,411.15000000000003
749,79,6,5,2024-10-11,411.1
750,134,7,5,2024-03-29,168.75
751,118,1,5,2024-04-09,952.0
752,113,7,1,2024-07-07,33.75
753,94,20,3,2024-12-11,447.48
754,179,12,5,2024-08-28,2425.55
755,62,16,3,2024-09-26,287.37
756,185,16,5,2024-08-06,478.95000000000005
757,194,11,4,2024-06-24,60.76
758,79,4,5,2024-12-06,1506.6999999999998
759,136,13,2,2024-08-20,834.12
760,26,7,1,2024-05-30,33.75
761,179,4,4,2024-10-03,1205.36
762,173,15,4,2024-08-16,380.0
763,44,19,2,2024-06-19,437.62
764,133,9,5,2024-08-10,1512.75
765,70,11,1,2024-07-31,15.19
766,154,8,4,2024-10-08,1735.04
767,118,1,1,2024-02-10,190.4
768,68,8,4,2024-05-01,1735.04
769,19,13,5,2024-08-14,2085.3
770,20,4,4,2024-10-20,1205.36
771,113,8,4,2024-03-28,1735.04
772,140,3,3,2024-09-23,1102.02
773,47,9,5,2024-01-29,1512.75
774,1,2,2,2024-09-03,951.2
775,90,2,2,2024-11-11,951.2
776,142,13,5,2024-08-31,2085.3
777,64,15,2,2024-03-01,190.0
778,38,12,5,2024-05-26,2425.55
779,37,4,2,2024-06-22,602.68
780,126,8,3,2024-10-04,1301.28
781,139,9,2,2024-11-29,605.1
782,100,5,4,2024-05-21,328.92
783,77,20,5,2024-02-13,745.8
784,3,18,1,2024-05-23,264.75
785,161,11,1,2024-12-18,15.19
786,134,15,5,2024-11-28,475.0
787,178,9,3,2024-02-24,907.6500000000001
788,10,17,2,2024-11-02,311.2
789,5,12,3,2024-12-23,1455.33
790,151,7,1,2024-06-09,33.75
791,138,10,5,2024-10-11,1777.5
792,172,10,5,2024-11-20,1777.5
793,130,13,3,2024-07-16,1251.18
794,13,19,3,2024-06-07,656.4300000000001
795,168,11,2,2024-03-20,30.38
796,130,13,4,2024-01-31,1668.24
797,84,8,4,2024-04-21,1735.04
798,65,8,2,2024-02-15,867.52
799,63,4,4,2024-12-18,1205.36
800,101,15,1,2024-07-23,95.0
801,73,11,4,2024-02-21,60.76
802,17,11,2,2024-05-17,30.38
803,9,1,4,2024-03-14,761.6
804,143,17,5,2024-02-10,778.0
805,152,15,3,2024-03-17,285.0
806,38,20,1,2024-07-05,149.16
807,163,6,5,2024-02-21,411.1
808,94,15,5,2024-03-27,475.0
809,95,9,2,2024-04-18,605.1
810,49,14,3,2024-08-12,330.33
811,69,18,3,2024-09-04,794.25
812,62,17,1,2024-03-09,155.6
813,188,18,2,2024-04-29,529.5
814,178,5,1,2024-03-07,82.23
815,78,20,4,2024-03-01,596.64
816,117,20,5,2024-11-22,745.8
817,120,9,1,2024-07-09,302.55
818,137,11,5,2024-07-07,75.95
819,162,1,2,2024-05-30,380.8
820,76,18,4,2024-10-12,1059.0
821,35,6,2,2024-04-05,164.44
822,1,2,4,2024-11-07,1902.4
823,40,15,4,2024-11-04,380.0
824,64,14,5,2024-09-19,550.55
825,150,5,2,2024-04-06,164.46
826,60,6,2,2024-04-22,164.44
827,64,6,1,2024-05-04,82.22
828,93,18,2,2024-05-11,529.5
829,72,14,1,2024-04-30,110.11
830,11,10,3,2024-07-15,1066.5
831,105,14,3,2024-10-20,330.33
832,14,13,3,2024-05-01,1251.18
833,60,3,2,2024-10-08,734.68
834,30,6,2,2024-09-16,164.44
835,35,8,1,2024-02-08,433.76
836,165,12,4,2024-02-23,1940.44
837,5,13,1,2024-06-09,417.06
838,83,11,3,2024-10-15,45.57
839,123,12,1,2024-07-18,485.11
840,78,1,4,2024-10-02,761.6
841,154,17,2,2024-01-16,311.2
842,62,16,1,2024-06-21,95.79
843,132,11,3,2024-09-04,45.57
844,89,13,3,2024-08-05,1251.18
845,42,18,2,2024-03-27,529.5
846,89,11,1,2024-03-22,15.19
847,146,12,4,2024-03-02,1940.44
848,40,6,2,2024-10-13,164.44
849,72,9,1,2024-02-11,302.55
850,39,16,5,2024-01-12,478.95000000000005
851,104,4,3,2024-11-16,904.02
852,14,3,4,2024-08-21,1469.36
853,32,16,4,2024-11-24,383.16
854,179,12,4,2024-05-10,1940.44
855,125,11,3,2024-04-24,45.57
856,166,5,1,2024-08-05,82.23
857,97,18,2,2024-05-16,529.5
858,23,19,1,2024-04-15,218.81
859,63,6,2,2024-06-27,164.44
860,143,18,4,2024-01-16,1059.0
861,153,6,1,2024-08-29,82.22
862,145,4,4,2024-11-29,1205.36
863,194,12,5,2024-08-13,2425.55
864,53,19,4,2024-08-29,875.24
865,104,2,4,2024-05-20,1902.4
866,104,17,2,2024-07-17,311.2
867,179,11,5,2024-04-21,75.95
868,39,11,4,2024-05-06,60.76
869,179,16,4,2024-01-21,383.16
870,198,2,5,2024-05-26,2378.0
871,134,2,5,2024-03-29,2378.0
872,67,8,1,2024-10-29,433.76
873,135,13,2,2024-07-21,834.12
874,179,10,5,2024-03-25,1777.5
875,200,8,5,2024-06-15,2168.8
876,42,4,3,2024-03-12,904.02
877,192,15,5,2024-10-24,475.0
878,15,1,2,2024-01-09,380.8
879,111,11,4,2024-10-07,60.76
880,157,7,4,2024-09-14,135.0
881,33,17,4,2024-10-01,622.4
882,155,20,4,2024-08-25,596.64
883,164,18,3,2024-01-20,794.25
884,157,12,5,2024-08-20,2425.55
885,38,9,4,2024-08-08,1210.2
886,185,5,1,2024-11-21,82.23
887,97,10,4,2024-01-17,1422.0
888,155,4,5,2024-03-29,1506.6999999999998
889,183,5,4,2024-07-14,328.92
890,33,10,3,2024-12-15,1066.5
891,196,11,2,2024-03-24,30.38
892,86,10,2,2024-03-27,711.0
893,66,8,5,2024-11-02,2168.8
894,10,2,2,2024-12-03,951.2
895,5,8,2,2024-06-02,867.52
896,123,16,1,2024-08-15,95.79
897,74,5,5,2024-09-20,411.15000000000003
898,97,3,5,2024-08-10,1836.6999999999998
899,118,12,2,2024-04-30,970.22
900,38,13,2,2024-06-21,834.12
901,141,13,2,2024-01-04,834.12
902,159,10,3,2024-12-07,1066.5
903,47,4,4,2024-05-07,1205.36
904,109,9,3,2024-04-19,907.6500000000001
905,180,2,5,2024-12-20,2378.0
906,184,19,1,2024-02-06,218.81
907,15,1,4,2024-03-11,761.6
908,157,7,1,2024-10-15,33.75
909,136,17,5,2024-01-31,778.0
910,5,3,5,2024-09-24,1836.6999999999998
911,157,20,1,2024-01-11,149.16
912,47,20,1,2024-12-09,149.16
913,68,3,1,2024-11-23,367.34
914,76,3,5,2024-02-01,1836.6999999999998
915,173,17,2,2024-02-26,311.2
916,130,7,1,2024-06-14,33.75
917,155,14,4,2024-07-06,440.44
918,95,17,5,2024-12-07,778.0
919,115,18,3,2024-01-19,794.25
920,164,13,3,2024-04-25,1251.18
921,36,20,4,2024-07-02,596.64
922,26,20,2,2024-09-26,298.32
923,43,18,1,2024-02-02,264.75
924,27,4,5,2024-01-10,1506.6999999999998
925,69,1,1,2024-03-20,190.4
926,148,18,5,2024-07-10,1323.75
927,11,1,3,2024-11-15,571.2
928,74,13,1,2024-07-08,417.06
929,104,20,4,2024-03-08,596.64
930,38,20,2,2024-12-13,298.32
931,134,10,4,2024-05-04,1422.0
932,200,11,2,2024-12-01,30.38
933,23,9,1,2024-02-28,302.55
934,47,9,1,2024-04-06,302.55
935,90,5,2,2024-10-01,164.46
936,46,1,3,2024-05-28,571.2
937,107,17,5,2024-10-04,778.0
938,140,2,4,2024-09-21,1902.4
939,141,13,4,2024-01-09,1668.24
940,104,9,4,2024-10-09,1210.2
941,190,4,1,2024-09-29,301.34
942,111,5,4,2024-10-27,328.92
943,104,11,5,2024-01-08,75.95
944,60,19,5,2024-07-26,1094.05
945,171,3,2,2024-05-04,734.68
946,100,12,1,2024-05-02,485.11
947,68,19,5,2024-02-02,1094.05
948,133,19,3,2024-01-01,656.4300000000001
949,120,13,1,2024-07-22,417.06
950,37,7,1,2024-01-06,33.75
951,72,15,5,2024-10-23,475.0
952,127,7,3,2024-01-05,101.25
953,106,8,2,2024-03-20,867.52
954,92,5,5,2024-09-30,411.15000000000003
955,31,14,3,2024-06-25,330.33
956,122,4,1,2024-12-03,301.34
957,137,10,3,2024-11-16,1066.5
958,51,20,1,2024-12-04,149.16
959,29,15,5,2024-05-15,475.0
960,40,18,5,2024-01-25,1323.75
961,41,20,4,2024-11-20,596.64
962,11,13,4,2024-07-01,1668.24
963,151,8,4,2024-06-16,1735.04
964,1,9,5,2024-12-03,1512.75
965,46,16,2,2024-06-26,191.58
966,101,19,5,2024-04-04,1094.05
967,149,16,3,2024-02-02,287.37
968,90,7,5,2024-04-20,168.75
969,110,14,5,2024-05-25,550.55
970,164,14,1,2024-08-18,110.11
971,182,4,1,2024-09-28,301.34
972,57,15,1,2024-12-01,95.0
973,1,3,5,2024-02-07,1836.6999999999998
974,63,5,2,2024-05-14,164.46
975,182,1,3,2024-11-29,571.2
976,55,3,3,2024-08-22,1102.02
977,115,15,2,2024-11-14,190.0
978,168,8,2,2024-12-10,867.52
979,143,4,3,2024-06-08,904.02
980,149,2,4,2024-02-07,1902.4
981,175,10,1,2024-05-29,355.5
982,53,4,1,2024-11-03,301.34
983,137,3,3,2024-01-29,1102.02
984,180,2,2,2024-05-23,951.2
985,57,17,4,2024-03-16,622.4
986,117,20,3,2024-05-24,447.48
987,154,13,1,2024-08-16,417.06
988,169,5,5,2024-03-04,411.15000000000003
989,35,9,2,2024-12-12,605.1
990,63,6,5,2024-12-10,411.1
991,25,5,3,2024-09-25,246.69
992,90,10,1,2024-11-23,355.5
993,75,8,4,2024-07-02,1735.04
994,38,7,5,2024-09-17,168.75
995,130,7,4,2024-09-24,135.0
996,135,6,1,2024-06-17,82.22
997,162,20,5,2024-09-15,745.8
998,91,3,4,2024-08-14,1469.36
999,17,19,4,2024-02-02,875.24
1000,128,15,5,2024-08-01,475.0
1001,171,4,1,2024-02-19,301.34
1002,187,12,4,2024-07-28,1940.44
1003,108,6,3,2024-01-29,246.66
1004,179,19,5,2024-02-08,1094.05
1005,182,4,2,2024-12-12,602.68
1006,152,15,2,2024-04-09,190.0
1007,25,9,1,2024-06-21,302.55
1008,199,5,3,2024-01-17,246.69
1009,180,13,4,2024-02-25,1668.24
1010,198,18,2,2024-08-13,529.5
1011,88,5,1,2024-02-15,82.23
1012,161,16,3,2024-03-07,287.37
1013,177,19,3,2024-07-15,656.4300000000001
1014,29,14,1,2024-05-21,110.11
1015,63,16,1,2024-11-18,95.79
1016,150,15,4,2024-01-23,380.0
1017,154,4,1,2024-04-03,301.34
1018,156,7,4,2024-08-29,135.0
1019,114,16,4,2024-08-24,383.16
1020,49,8,5,2024-02-23,2168.8
1021,199,17,3,2024-05-17,466.79999999999995
1022,81,16,3,2024-11-28,287.37
1023,84,10,3,2024-09-28,1066.5
1024,105,10,5,2024-02-10,1777.5
1025,177,2,4,2024-04-07,1902.4
1026,148,9,4,2024-07-01,1210.2
1027,118,17,1,2024-05-07,155.6
1028,86,11,5,2024-08-16,75.95
1029,63,10,1,2024-11-12,355.5
1030,189,17,5,2024-03-26,778.0
1031,104,4,1,2024-09-12,301.34
1032,49,16,2,2024-07-27,191.58
1033,71,20,3,2024-08-02,447.48
1034,1,15,3,2024-04-09,285.0
1035,141,5,4,2024-02-18,328.92
1036,179,6,2,2024-07-19,164.44
1037,123,17,3,2024-09-14,466.79999999999995
1038,184,1,4,2024-06-26,761.6
1039,62,19,2,2024-09-01,437.62
1040,32,4,3,2024-05-02,904.02
1041,158,17,1,2024-12-07,155.6
1042,29,9,5,2024-06-19,1512.75
1043,49,2,2,2024-11-28,951.2
1044,173,8,4,2024-05-15,1735.04
1045,30,15,2,2024-02-28,190.0
1046,144,7,4,2024-07-11,135.0
1047,168,6,2,2024-09-24,164.44
1048,19,1,4,2024-09-16,761.6
1049,18,15,3,2024-04-04,285.0
1050,1,7,1,2024-05-04,33.75
1051,78,17,3,2024-02-10,466.79999999999995
1052,115,2,1,2024-09-10,475.6
1053,175,9,3,2024-01-07,907.6500000000001
1054,194,9,3,2024-08-03,907.6500000000001
1055,113,13,2,2024-03-09,834.12
1056,114,6,5,2024-03-09,411.1
1057,166,6,4,2024-03-21,328.88
1058,179,20,4,2024-01-30,596.64
1059,63,20,4,2024-03-13,596.64
1060,132,3,1,2024-09-18,367.34
1061,129,17,4,2024-03-29,622.4
1062,8,17,4,2024-07-26,622.4
1063,157,12,2,2024-07-31,970.22
1064,55,16,3,2024-11-17,287.37
1065,103,15,4,2024-09-22,380.0
1066,131,13,5,2024-10-19,2085.3
1067,32,1,4,2024-07-25,761.6
1068,10,17,1,2024-11-28,155.6
1069,110,3,1,2024-03-17,367.34
1070,162,15,1,2024-10-14,95.0
1071,124,4,4,2024-02-16,1205.36
1072,87,4,2,2024-04-19,602.68
1073,55,18,5,2024-07-18,1323.75
1074,32,17,4,2024-07-28,622.4
1075,178,19,2,2024-06-02,437.62
1076,135,11,2,2024-01-10,30.38
1077,93,20,4,2024-12-18,596.64
1078,8,3,4,2024-06-05,1469.36
1079,65,8,2,2024-09-17,867.52
1080,57,14,2,2024-03-17,220.22
1081,67,1,2,2024-09-13,380.8
1082,187,14,4,2024-05-10,440.44
1083,72,2,2,2024-03-07,951.2
1084,54,4,1,2024-08-15,301.34
1085,67,19,4,2024-06-11,875.24
1086,51,6,1,2024-01-15,82.22
1087,97,1,3,2024-08-19,571.2
1088,92,17,4,2024-07-13,622.4
1089,8,8,3,2024-12-14,1301.28
1090,162,19,2,2024-01-30,437.62
1091,35,1,2,2024-12-24,380.8
1092,96,5,5,2024-12-03,411.15000000000003
1093,88,16,2,2024-11-26,191.58
1094,78,6,3,2024-11-11,246.66
1095,32,8,2,2024-10-22,867.52
1096,120,13,4,2024-11-25,1668.24
1097,46,16,2,2024-08-07,191.58
1098,144,3,5,2024-05-26,1836.6999999999998
1099,196,19,2,2024-09-15,437.62
1100,165,12,3,2024-10-18,1455.33
1101,182,16,3,2024-10-25,287.37
1102,142,11,2,2024-05-22,30.38
1103,55,10,3,2024-08-22,1066.5
1104,176,20,3,2024-04-24,447.48
1105,7,4,5,2024-12-30,1506.6999999999998
1106,74,12,4,2024-03-30,1940.44
1107,7,2,5,2024-07-26,2378.0
1108,161,19,1,2024-06-12,218.81
1109,151,5,5,2024-03-24,411.15000000000003
1110,85,8,2,2024-03-17,867.52
1111,147,7,4,2024-06-09,135.0
1112,112,14,2,2024-01-05,220.22
1113,125,3,1,2024-03-18,367.34
1114,147,18,4,2024-03-31,1059.0
1115,36,16,3,2024-03-27,287.37
1116,29,19,5,2024-09-26,1094.05
1117,188,19,2,2024-04-13,437.62
1118,82,18,1,2024-12-04,264.75
1119,2,20,3,2024-06-23,447.48
1120,129,16,5,2024-02-23,478.95000000000005
1121,47,8,3,2024-07-29,1301.28
1122,197,1,5,2024-04-04,952.0
1123,148,17,4,2024-08-10,622.4
1124,11,12,3,2024-01-09,1455.33
1125,130,11,3,2024-02-22,45.57
1126,195,5,3,2024-03-17,246.69
1127,119,12,4,2024-07-24,1940.44
1128,140,17,1,2024-11-11,155.6
1129,20,6,5,2024-10-28,411.1
1130,5,1,3,2024-11-05,571.2
1131,37,5,4,2024-11-25,328.92
1132,166,14,1,2024-04-21,110.11
1133,137,5,5,2024-12-16,411.15000000000003
1134,53,1,4,2024-06-13,761.6
1135,172,18,5,2024-10-05,1323.75
1136,99,16,3,2024-01-27,287.37
1137,86,9,1,2024-03-10,302.55
1138,108,19,4,2024-08-05,875.24
1139,24,5,1,2024-12-30,82.23
1140,81,2,3,2024-07-07,1426.8000000000002
1141,158,15,1,2024-11-28,95.0
1142,120,7,1,2024-11-01,33.75
1143,59,4,2,2024-05-03,602.68
1144,128,1,1,2024-01-19,190.4
1145,114,13,5,2024-09-13,2085.3
1146,115,20,4,2024-10-22,596.64
1147,14,7,2,2024-01-22,67.5
1148,9,15,4,2024-02-09,380.0
1149,40,14,4,2024-02-07,440.44
1150,194,19,3,2024-02-17,656.4300000000001
1151,25,20,3,2024-07-01,447.48
1152,103,18,2,2024-03-15,529.5
1153,22,10,3,2024-07-27,1066.5
1154,4,9,3,2024-07-01,907.6500000000001
1155,154,8,3,2024-04-16,1301.28
1156,186,10,4,2024-07-06,1422.0
1157,29,17,2,2024-09-20,311.2
1158,109,2,4,2024-03-26,1902.4
1159,98,6,5,2024-11-19,411.1
1160,37,5,4,2024-11-26,328.92
1161,75,9,5,2024-05-16,1512.75
1162,70,5,1,2024-12-11,82.23
1163,146,18,1,2024-12-01,264.75
1164,128,20,5,2024-04-04,745.8
1165,85,9,5,2024-11-21,1512.75
1166,42,17,4,2024-09-01,622.4
1167,100,17,5,2024-03-30,778.0
1168,41,12,2,2024-02-28,970.22
1169,166,7,1,2024-01-28,33.75
1170,34,3,1,2024-03-12,367.34
1171,17,10,5,2024-09-26,1777.5
1172,165,2,3,2024-01-24,1426.8000000000002
1173,153,3,3,2024-04-21,1102.02
1174,122,16,5,2024-10-26,478.95000000000005
1175,76,2,2,2024-02-25,951.2
1176,87,10,3,2024-08-10,1066.5
1177,117,6,5,2024-04-29,411.1
1178,106,11,2,2024-06-27,30.38
1179,86,7,2,2024-10-14,67.5
1180,27,15,4,2024-10-07,380.0
1181,57,6,2,2024-07-07,164.44
1182,31,20,3,2024-03-06,447.48
1183,134,9,3,2024-10-24,907.6500000000001
1184,168,20,5,2024-09-05,745.8
1185,98,12,5,2024-03-16,2425.55
1186,12,19,2,2024-05-16,437.62
1187,53,20,1,2024-06-12,149.16
1188,199,3,4,2024-08-20,1469.36
1189,138,15,1,2024-09-11,95.0
1190,173,2,2,2024-10-20,951.2
1191,145,2,2,2024-06-18,951.2
1192,154,3,1,2024-11-12,367.34
1193,190,6,4,2024-06-22,328.88
1194,122,15,1,2024-12-10,95.0
1195,46,10,5,2024-01-18,1777.5
1196,64,9,3,2024-03-10,907.6500000000001
1197,130,1,5,2024-12-03,952.0
1198,54,16,3,2024-04-25,287.37
1199,107,6,2,2024-03-20,164.44
1200,193,9,4,2024-01-15,1210.2
1201,51,4,1,2024-06-24,301.34
1202,181,2,4,2024-09-25,1902.4
1203,36,4,1,2024-04-28,301.34
1204,115,1,5,2024-10-25,952.0
1205,26,19,5,2024-07-06,1094.05
1206,29,10,1,2024-02-26,355.5
1207,149,15,4,2024-07-17,380.0
1208,11,19,1,2024-01-17,218.81
1209,40,16,2,2024-10-14,191.58
1210,11,4,5,2024-02-24,1506.6999999999998
1211,164,2,2,2024-09-25,951.2
1212,113,13,5,2024-10-29,2085.3
1213,187,1,5,2024-03-27,952.0
1214,39,17,3,2024-11-13,466.79999999999995
1215,54,13,2,2024-01-29,834.12
1216,98,4,2,2024-01-22,602.68
1217,55,7,3,2024-11-16,101.25
1218,111,17,4,2024-10-11,622.4
1219,152,9,2,2024-02-17,605.1
1220,150,4,1,2024-01-05,301.34
1221,69,19,3,2024-09-06,656.4300000000001
1222,56,1,2,2024-06-11,380.8
1223,33,10,4,2024-07-20,1422.0
1224,36,4,2,2024-04-10,602.68
1225,148,9,5,2024-03-11,1512.75
1226,81,13,1,2024-06-11,417.06
1227,190,14,3,2024-06-21,330.33
1228,109,10,5,2024-05-20,1777.5
1229,154,6,4,2024-05-17,328.88
1230,194,16,5,2024-03-06,478.95000000000005
1231,73,6,5,2024-07-16,411.1
1232,40,17,4,2024-11-23,622.4
1233,17,10,5,2024-08-15,1777.5
1234,129,18,3,2024-10-07,794.25
1235,61,18,2,2024-06-20,529.5
1236,171,3,5,2024-11-11,1836.6999999999998
1237,104,20,3,2024-02-09,447.48
1238,42,15,2,2024-01-07,190.0
1239,25,15,2,2024-06-22,190.0
1240,39,4,5,2024-05-30,1506.6999999999998
1241,35,9,3,2024-07-29,907.6500000000001
1242,131,19,5,2024-10-28,1094.05
1243,108,17,4,2024-03-26,622.4
1244,172,11,2,2024-09-09,30.38
1245,179,9,5,2024-01-21,1512.75
1246,102,10,2,2024-09-13,711.0
1247,98,18,3,2024-02-02,794.25
1248,12,20,1,2024-09-16,149.16
1249,19,13,5,2024-08-21,2085.3
1250,101,8,5,2024-01-03,2168.8
1251,44,7,2,2024-12-12,67.5
1252,187,17,3,2024-11-03,466.79999999999995
1253,49,15,4,2024-08-14,380.0
1254,189,20,3,2024-10-10,447.48
1255,17,15,5,2024-03-10,475.0
1256,74,1,4,2024-11-08,761.6
1257,57,14,3,2024-12-29,330.33
1258,55,5,1,2024-09-10,82.23
1259,47,11,2,2024-05-23,30.38
1260,12,16,3,2024-01-24,287.37
1261,62,2,3,2024-08-21,1426.8000000000002
1262,80,8,1,2024-11-28,433.76
1263,83,11,5,2024-06-23,75.95
1264,8,18,2,2024-11-27,529.5
1265,149,3,3,2024-11-20,1102.02
1266,81,1,4,2024-12-22,761.6
1267,118,11,3,2024-06-07,45.57
1268,198,16,2,2024-12-13,191.58
1269,200,18,3,2024-12-13,794.25
1270,25,16,1,2024-10-12,95.79
1271,89,10,3,2024-01-18,1066.5
1272,12,18,3,2024-02-13,794.25
1273,143,6,4,2024-06-03,328.88
1274,59,19,1,2024-12-20,218.81
1275,154,4,1,2024-08-18,301.34
1276,109,13,3,2024-11-11,1251.18
1277,26,14,4,2024-08-12,440.44
1278,47,3,3,2024-08-04,1102.02
1279,32,10,3,2024-02-25,1066.5
1280,10,6,2,2024-01-31,164.44
1281,16,1,2,2024-12-22,380.8
1282,199,14,4,2024-02-28,440.44
1283,145,8,5,2024-12-18,2168.8
1284,151,19,2,2024-08-22,437.62
1285,26,14,5,2024-04-16,550.55
1286,86,10,1,2024-07-09,355.5
1287,135,17,2,2024-01-18,311.2
1288,14,9,2,2024-08-13,605.1
1289,79,6,4,2024-06-15,328.88
1290,117,11,5,2024-03-11,75.95
1291,7,7,2,2024-12-27,67.5
1292,137,17,2,2024-02-23,311.2
1293,115,1,4,2024-09-01,761.6
1294,176,5,4,2024-12-15,328.92
1295,72,9,5,2024-03-16,1512.75
1296,59,18,1,2024-02-04,264.75
1297,82,2,1,2024-09-23,475.6
1298,116,11,3,2024-11-12,45.57
1299,167,6,2,2024-10-26,164.44
1300,146,8,5,2024-04-30,2168.8
1301,187,4,2,2024-11-19,602.68
1302,103,18,5,2024-01-25,1323.75
1303,17,11,5,2024-06-08,75.95
1304,14,5,5,2024-03-24,411.15000000000003
1305,159,15,2,2024-04-23,190.0
1306,152,18,4,2024-08-10,1059.0
1307,108,2,2,2024-06-14,951.2
1308,188,11,5,2024-07-09,75.95
1309,45,13,3,2024-06-23,1251.18
1310,98,4,1,2024-01-01,301.34
1311,131,7,5,2024-08-16,168.75
1312,37,11,3,2024-03-26,45.57
1313,171,4,4,2024-03-02,1205.36
1314,168,15,5,2024-11-15,475.0
1315,183,1,3,2024-07-24,571.2
1316,108,3,5,2024-04-14,1836.6999999999998
1317,39,14,2,2024-11-13,220.22
1318,15,6,3,2024-10-17,246.66
1319,120,18,2,2024-09-06,529.5
1320,4,1,2,2024-01-13,380.8
1321,93,6,3,2024-06-11,246.66
1322,153,6,1,2024-02-12,82.22
1323,141,16,3,2024-04-20,287.37
1324,161,5,1,2024-07-23,82.23
1325,16,17,5,2024-09-12,778.0
1326,170,10,5,2024-11-02,1777.5
1327,108,18,3,2024-05-23,794.25
1328,126,7,5,2024-05-25,168.75
1329,194,3,4,2024-10-27,1469.36
1330,55,13,2,2024-06-12,834.12
1331,170,15,2,2024-06-17,190.0
1332,34,20,1,2024-10-24,149.16
1333,158,19,5,2024-08-20,1094.05
1334,13,3,1,2024-09-27,367.34
1335,141,4,2,2024-02-29,602.68
1336,18,5,2,2024-10-22,164.46
1337,160,1,5,2024-08-22,952.0
1338,96,4,4,2024-06-13,1205.36
1339,123,12,4,2024-07-12,1940.44
1340,39,10,5,2024-08-21,1777.5
1341,46,20,5,2024-07-01,745.8
1342,29,13,1,2024-11-28,417.06
1343,190,14,5,2024-08-19,550.55
1344,62,5,4,2024-12-26,328.92
1345,185,4,5,2024-04-16,1506.6999999999998
1346,16,14,1,2024-08-10,110.11
1347,184,10,1,2024-03-20,355.5
1348,121,17,1,2024-08-21,155.6
1349,10,10,1,2024-07-02,355.5
1350,158,7,3,2024-07-03,101.25
1351,153,16,5,2024-05-13,478.95000000000005
1352,103,1,2,2024-08-07,380.8
1353,84,17,5,2024-10-14,778.0
1354,133,9,3,2024-12-29,907.6500000000001
1355,65,6,1,2024-07-20,82.22
1356,177,19,3,2024-05-25,656.4300000000001
1357,3,13,4,2024-11-19,1668.24
1358,173,3,4,2024-05-06,1469.36
1359,142,7,5,2024-05-14,168.75
1360,120,9,5,2024-04-23,1512.75
1361,158,5,2,2024-09-20,164.46
1362,68,10,2,2024-03-04,711.0
1363,146,17,4,2024-05-14,622.4
1364,190,12,1,2024-02-10,485.11
1365,37,16,3,2024-10-22,287.37
1366,153,3,2,2024-01-03,734.68
1367,176,9,2,2024-07-12,605.1
1368,193,15,1,2024-04-19,95.0
1369,181,5,1,2024-08-08,82.23
1370,73,13,5,2024-01-04,2085.3
1371,143,14,3,2024-08-31,330.33
1372,49,20,1,2024-06-14,149.16
1373,121,15,2,2024-01-26,190.0
1374,88,16,2,2024-01-17,191.58
1375,196,13,4,2024-08-03,1668.24
1376,140,17,1,2024-04-01,155.6
1377,187,8,5,2024-01-31,2168.8
1378,37,2,3,2024-07-23,1426.8000000000002
1379,61,5,5,2024-07-25,411.15000000000003
1380,171,6,2,2024-04-16,164.44
1381,124,12,5,2024-05-25,2425.55
1382,198,18,2,2024-04-10,529.5
1383,39,1,2,2024-11-13,380.8
1384,184,17,2,2024-08-28,311.2
1385,63,11,2,2024-09-03,30.38
1386,46,10,2,2024-06-11,711.0
1387,88,19,4,2024-06-21,875.24
1388,11,14,5,2024-02-04,550.55
1389,62,10,4,2024-10-10,1422.0
1390,77,15,4,2024-12-24,380.0
1391,153,19,1,2024-12-23,218.81
1392,199,4,1,2024-01-21,301.34
1393,52,2,1,2024-11-03,475.6
1394,4,9,3,2024-06-11,907.6500000000001
1395,59,10,1,2024-04-06,355.5
1396,72,11,5,2024-11-02,75.95
1397,148,14,4,2024-12-04,440.44
1398,93,7,5,2024-02-24,168.75
1399,63,15,1,2024-11-28,95.0
1400,54,19,3,2024-05-06,656.4300000000001
1401,117,15,3,2024-07-11,285.0
1402,110,8,4,2024-08-30,1735.04
1403,74,11,5,2024-12-14,75.95
1404,107,9,2,2024-03-28,605.1
1405,57,15,5,2024-12-01,475.0
1406,169,1,1,2024-08-02,190.4
1407,3,1,2,2024-04-01,380.8
1408,120,19,3,2024-10-29,656.4300000000001
1409,6,3,4,2024-08-22,1469.36
1410,5,10,4,2024-07-02,1422.0
1411,5,8,3,2024-02-07,1301.28
1412,54,15,1,2024-05-18,95.0
1413,47,10,3,2024-07-13,1066.5
1414,177,1,1,2024-01-15,190.4
1415,9,18,2,2024-09-13,529.5
1416,99,2,3,2024-05-14,1426.8000000000002
1417,20,19,1,2024-01-01,218.81
1418,122,13,2,2024-02-18,834.12
1419,61,1,3,2024-04-05,571.2
1420,123,2,4,2024-07-19,1902.4
1421,163,16,3,2024-01-26,287.37
1422,178,15,5,2024-12-08,475.0
1423,82,13,3,2024-08-22,1251.18
1424,62,16,5,2024-12-14,478.95000000000005
1425,145,17,2,2024-08-31,311.2
1426,3,7,3,2024-12-23,101.25
1427,160,17,2,2024-11-22,311.2
1428,13,7,2,2024-12-16,67.5
1429,120,13,1,2024-02-20,417.06
1430,125,5,2,2024-03-21,164.46
1431,89,17,2,2024-02-05,311.2
1432,73,3,3,2024-03-07,1102.02
1433,68,7,3,2024-05-08,101.25
1434,142,17,4,2024-06-03,622.4
1435,101,7,1,2024-09-01,33.75
1436,98,1,2,2024-04-20,380.8
1437,11,17,1,2024-06-16,155.6
1438,105,17,5,2024-05-21,778.0
1439,184,11,2,2024-12-21,30.38
1440,67,3,1,2024-07-15,367.34
1441,123,15,4,2024-04-18,380.0
1442,29,11,4,2024-03-19,60.76
1443,137,16,2,2024-06-09,191.58
1444,195,9,5,2024-01-19,1512.75
1445,153,1,4,2024-05-06,761.6
1446,76,16,4,2024-07-23,383.16
1447,170,9,5,2024-01-29,1512.75
1448,9,19,1,2024-07-25,218.81
1449,40,12,4,2024-10-06,1940.44
1450,25,19,3,2024-05-30,656.4300000000001
1451,5,9,4,2024-08-27,1210.2
1452,139,7,1,2024-09-22,33.75
1453,187,14,1,2024-06-30,110.11
1454,124,19,2,2024-04-14,437.62
1455,38,19,3,2024-08-23,656.4300000000001
1456,72,2,1,2024-06-21,475.6
1457,133,9,5,2024-06-06,1512.75
1458,176,13,3,2024-06-20,1251.18
1459,90,15,3,2024-11-06,285.0
1460,146,3,5,2024-06-05,1836.6999999999998
1461,198,11,4,2024-09-14,60.76
1462,37,14,5,2024-06-12,550.55
1463,60,8,5,2024-05-26,2168.8
1464,176,18,4,2024-06-02,1059.0
1465,28,19,4,2024-02-07,875.24
1466,197,16,4,2024-05-10,383.16
1467,81,2,4,2024-12-23,1902.4
1468,114,8,4,2024-09-11,1735.04
1469,40,6,5,2024-07-26,411.1
1470,45,12,2,2024-04-04,970.22
1471,62,15,2,2024-12-13,190.0
1472,93,8,1,2024-11-22,433.76
1473,115,4,2,2024-06-19,602.68
1474,186,15,2,2024-09-06,190.0
1475,67,20,5,2024-07-08,745.8
1476,56,17,4,2024-07-17,622.4
1477,40,13,4,2024-08-08,1668.24
1478,98,18,5,2024-01-24,1323.75
1479,40,2,2,2024-08-31,951.2
1480,91,13,5,2024-11-19,2085.3
1481,33,13,1,2024-05-07,417.06
1482,6,15,4,2024-04-02,380.0
1483,147,20,3,2024-10-26,447.48
1484,80,10,1,2024-05-12,355.5
1485,168,3,1,2024-02-24,367.34
1486,92,19,5,2024-06-06,1094.05
1487,97,3,2,2024-01-29,734.68
1488,59,14,4,2024-07-29,440.44
1489,59,8,3,2024-06-02,1301.28
1490,48,4,1,2024-10-19,301.34
1491,169,20,3,2024-08-09,447.48
1492,13,11,2,2024-04-24,30.38
1493,107,11,2,2024-06-06,30.38
1494,45,11,3,2024-09-15,45.57
1495,89,2,4,2024-09-07,1902.4
1496,181,17,2,2024-05-01,311.2
1497,170,9,3,2024-10-25,907.6500000000001
1498,100,2,1,2024-09-19,475.6
1499,191,15,3,2024-02-18,285.0
1500,155,16,3,2024-11-24,287.37
1501,166,4,5,2024-10-23,1506.6999999999998
1502,188,8,2,2024-12-27,867.52
1503,7,9,4,2024-03-17,1210.2
1504,133,5,4,2024-05-06,328.92
1505,45,16,5,2024-07-15,478.95000000000005
1506,58,13,4,2024-08-08,1668.24
1507,31,7,3,2024-03-31,101.25
1508,23,20,5,2024-01-08,745.8
1509,170,17,1,2024-02-01,155.6
1510,138,3,2,2024-11-15,734.68
1511,160,5,2,2024-09-25,164.46
1512,107,19,2,2024-07-09,437.62
1513,181,12,3,2024-12-14,1455.33
1514,158,7,1,2024-06-11,33.75
1515,39,9,5,2024-03-01,1512.75
1516,159,6,5,2024-09-20,411.1
1517,82,17,2,2024-10-11,311.2
1518,100,16,1,2024-04-04,95.79
1519,2,3,1,2024-02-10,367.34
1520,77,4,1,2024-05-28,301.34
1521,12,10,4,2024-07-22,1422.0
1522,39,5,4,2024-09-23,328.92
1523,194,10,2,2024-01-02,711.0
1524,13,12,1,2024-06-26,485.11
1525,46,10,1,2024-07-12,355.5
1526,155,13,5,2024-12-01,2085.3
1527,113,11,5,2024-07-14,75.95
1528,17,16,2,2024-12-08,191.58
1529,104,8,1,2024-09-05,433.76
1530,98,8,2,2024-07-30,867.52
1531,188,8,5,2024-06-01,2168.8
1532,192,13,5,2024-06-06,2085.3
1533,88,2,4,2024-12-27,1902.4
1534,109,12,2,2024-05-18,970.22
1535,163,10,2,2024-08-08,711.0
1536,70,12,1,2024-09-29,485.11
1537,158,11,1,2024-06-02,15.19
1538,199,15,4,2024-09-05,380.0
1539,74,16,3,2024-10-05,287.37
1540,63,17,3,2024-10-30,466.79999999999995
1541,156,2,3,2024-10-02,1426.8000000000002
1542,60,18,2,2024-01-02,529.5
1543,79,12,2,2024-03-28,970.22
1544,37,19,5,2024-10-13,1094.05
1545,22,18,2,2024-05-09,529.5
1546,196,17,2,2024-03-18,311.2
1547,148,6,2,2024-09-16,164.44
1548,96,15,4,2024-08-28,380.0
1549,68,3,2,2024-05-20,734.68
1550,192,6,1,2024-08-15,82.22
1551,17,3,1,2024-06-11,367.34
1552,12,1,5,2024-08-23,952.0
1553,150,13,4,2024-05-07,1668.24
1554,145,14,1,2024-07-18,110.11
1555,138,13,4,2024-01-31,1668.24
1556,118,4,4,2024-05-17,1205.36
1557,193,7,5,2024-01-21,168.75
1558,22,10,4,2024-08-21,1422.0
1559,120,7,2,2024-07-20,67.5
1560,50,15,4,2024-10-05,380.0
1561,14,15,5,2024-05-10,475.0
1562,192,4,5,2024-05-27,1506.6999999999998
1563,175,6,5,2024-01-29,411.1
1564,29,20,1,2024-12-26,149.16
1565,164,5,2,2024-11-03,164.46
1566,180,20,1,2024-06-10,149.16
1567,125,12,3,2024-12-22,1455.33
1568,7,1,2,2024-12-05,380.8
1569,29,8,4,2024-03-01,1735.04
1570,139,1,5,2024-05-04,952.0
1571,33,5,3,2024-03-11,246.69
1572,134,6,2,2024-11-21,164.44
1573,111,3,1,2024-12-29,367.34
1574,79,15,5,2024-08-30,475.0
1575,160,5,1,2024-09-05,82.23
1576,179,14,2,2024-08-08,220.22
1577,58,18,2,2024-01-21,529.5
1578,26,16,3,2024-03-22,287.37
1579,174,6,4,2024-12-09,328.88
1580,29,14,1,2024-01-10,110.11
1581,4,8,3,2024-01-12,1301.28
1582,99,7,5,2024-09-19,168.75
1583,141,8,4,2024-05-24,1735.04
1584,39,13,3,2024-07-10,1251.18
1585,15,6,1,2024-09-06,82.22
1586,119,18,2,2024-04-23,529.5
1587,29,2,5,2024-01-26,2378.0
1588,157,8,1,2024-09-27,433.76
1589,75,11,4,2024-02-02,60.76
1590,116,1,4,2024-03-02,761.6
1591,32,6,2,2024-08-16,164.44
1592,130,16,2,2024-10-29,191.58
1593,175,20,5,2024-04-04,745.8
1594,84,12,5,2024-02-04,2425.55
1595,22,11,2,2024-07-11,30.38
1596,27,10,2,2024-03-16,711.0
1597,195,3,4,2024-09-05,1469.36
1598,81,13,2,2024-03-23,834.12
1599,126,3,3,2024-01-25,1102.02
1600,184,15,1,2024-02-26,95.0
1601,92,16,2,2024-02-01,191.58
1602,21,13,5,2024-11-14,2085.3
1603,47,17,3,2024-01-12,466.79999999999995
1604,101,3,5,2024-11-14,1836.6999999999998
1605,187,20,3,2024-11-28,447.48
1606,84,11,2,2024-04-01,30.38
1607,6,19,1,2024-01-01,218.81
1608,147,11,5,2024-11-21,75.95
1609,185,16,3,2024-05-15,287.37
1610,197,3,4,2024-07-14,1469.36
1611,131,6,2,2024-05-12,164.44
1612,1,14,1,2024-03-26,110.11
1613,58,18,2,2024-10-21,529.5
1614,124,17,4,2024-10-05,622.4
1615,166,4,1,2024-11-19,301.34
1616,15,15,4,2024-06-28,380.0
1617,162,11,2,2024-01-04,30.38
1618,189,3,3,2024-05-05,1102.02
1619,163,3,2,2024-06-23,734.68
1620,64,16,2,2024-09-07,191.58
1621,25,5,2,2024-01-21,164.46
1622,24,10,5,2024-04-14,1777.5
1623,12,19,4,2024-03-06,875.24
1624,18,4,4,2024-09-19,1205.36
1625,15,19,4,2024-02-18,875.24
1626,27,11,5,2024-01-16,75.95
1627,72,2,3,2024-05-24,1426.8000000000002
1628,60,10,2,2024-12-05,711.0
1629,174,11,3,2024-09-06,45.57
1630,145,20,5,2024-12-08,745.8
1631,93,16,4,2024-12-19,383.16
1632,53,19,2,2024-03-15,437.62
1633,8,11,1,2024-10-16,15.19
1634,79,14,1,2024-10-08,110.11
1635,27,2,3,2024-03-06,1426.8000000000002
1636,174,5,4,2024-05-04,328.92
1637,50,5,1,2024-11-14,82.23
1638,199,19,3,2024-03-27,656.4300000000001
1639,131,12,5,2024-02-10,2425.55
1640,93,18,3,2024-07-04,794.25
1641,192,4,3,2024-12-19,904.02
1642,172,17,3,2024-11-30,466.79999999999995
1643,181,10,2,2024-09-22,711.0
1644,24,20,3,2024-09-27,447.48
1645,60,6,3,2024-02-11,246.66
1646,122,14,2,2024-04-02,220.22
1647,131,11,2,2024-07-03,30.38
1648,148,11,5,2024-08-02,75.95
1649,46,18,4,2024-01-17,1059.0
1650,15,18,1,2024-09-21,264.75
1651,153,11,1,2024-04-23,15.19
1652,199,12,3,2024-10-18,1455.33
1653,17,5,5,2024-10-18,411.15000000000003
1654,126,9,3,2024-02-17,907.6500000000001
1655,84,9,1,2024-11-02,302.55
1656,9,10,2,2024-04-06,711.0
1657,166,19,4,2024-04-04,875.24
1658,176,1,5,2024-11-21,952.0
1659,188,7,2,2024-03-14,67.5
1660,63,4,4,2024-12-01,1205.36
1661,117,1,5,2024-03-08,952.0
1662,130,15,5,2024-09-02,475.0
1663,88,8,1,2024-03-17,433.76
1664,72,12,2,2024-07-26,970.22
1665,139,18,5,2024-09-10,1323.75
1666,64,15,5,2024-08-08,475.0
1667,72,17,4,2024-09-18,622.4
1668,21,14,1,2024-11-26,110.11
1669,18,14,3,2024-12-09,330.33
1670,64,18,1,2024-09-15,264.75
1671,82,20,3,2024-11-03,447.48
1672,110,18,2,2024-03-14,529.5
1673,95,16,2,2024-05-04,191.58
1674,166,1,5,2024-07-06,952.0
1675,32,11,2,2024-09-10,30.38
1676,11,15,5,2024-11-16,475.0
1677,45,12,1,2024-11-03,485.11
1678,33,8,2,2024-08-22,867.52
1679,102,20,1,2024-09-06,149.16
1680,169,6,1,2024-11-27,82.22
1681,136,3,2,2024-12-10,734.68
1682,11,13,1,2024-03-12,417.06
1683,179,13,2,2024-08-22,834.12
1684,88,2,2,2024-11-19,951.2
1685,41,5,2,2024-06-04,164.46
1686,145,17,3,2024-04-24,466.79999999999995
1687,76,6,1,2024-11-08,82.22
1688,121,2,4,2024-08-15,1902.4
1689,46,4,2,2024-11-17,602.68
1690,160,11,1,2024-12-11,15.19
1691,80,8,5,2024-09-01,2168.8
1692,54,12,2,2024-11-01,970.22
1693,86,8,2,2024-01-14,867.52
1694,92,11,4,2024-01-16,60.76
1695,148,20,3,2024-02-11,447.48
1696,161,8,3,2024-04-19,1301.28
1697,168,8,2,2024-10-04,867.52
1698,160,17,1,2024-11-19,155.6
1699,97,20,5,2024-01-19,745.8
1700,2,20,5,2024-03-06,745.8
1701,33,16,1,2024-06-15,95.79
1702,158,14,2,2024-03-13,220.22
1703,161,11,5,2024-11-05,75.95
1704,77,7,3,2024-04-21,101.25
1705,116,16,1,2024-09-30,95.79
1706,154,13,4,2024-03-25,1668.24
1707,150,15,2,2024-05-18,190.0
1708,103,16,1,2024-02-08,95.79
1709,194,9,5,2024-04-14,1512.75
1710,166,3,2,2024-11-19,734.68
1711,103,19,3,2024-10-07,656.4300000000001
1712,90,20,2,2024-05-02,298.32
1713,174,5,2,2024-08-05,164.46
1714,122,10,3,2024-03-01,1066.5
1715,143,17,3,2024-04-09,466.79999999999995
1716,106,15,2,2024-11-02,190.0
1717,119,8,3,2024-12-19,1301.28
1718,172,15,1,2024-07-22,95.0
1719,49,14,3,2024-09-14,330.33
1720,104,20,3,2024-01-05,447.48
1721,61,7,2,2024-07-15,67.5
1722,195,12,1,2024-06-28,485.11
1723,123,17,4,2024-12-07,622.4
1724,134,17,4,2024-05-12,622.4
1725,9,10,5,2024-11-19,1777.5
1726,6,19,3,2024-09-09,656.4300000000001
1727,73,14,3,2024-09-21,330.33
1728,103,11,1,2024-04-02,15.19
1729,160,2,4,2024-05-29,1902.4
1730,41,18,5,2024-05-17,1323.75
1731,114,7,1,2024-07-26,33.75
1732,8,12,3,2024-05-04,1455.33
1733,72,2,4,2024-08-21,1902.4
1734,178,20,5,2024-03-01,745.8
1735,92,18,2,2024-11-02,529.5
1736,62,6,4,2024-09-22,328.88
1737,84,10,5,2024-05-13,1777.5
1738,62,20,1,2024-11-13,149.16
1739,111,15,2,2024-04-22,190.0
1740,127,5,5,2024-07-09,411.15000000000003
1741,7,20,5,2024-07-05,745.8
1742,84,3,3,2024-11-14,1102.02
1743,132,5,4,2024-03-29,328.92
1744,134,8,3,2024-07-05,1301.28
1745,58,8,2,2024-11-02,867.52
1746,22,8,5,2024-05-11,2168.8
1747,154,12,3,2024-12-25,1455.33
1748,127,8,4,2024-05-02,1735.04
1749,3,11,2,2024-02-17,30.38
1750,127,14,1,2024-10-14,110.11
1751,41,8,3,2024-06-27,1301.28
1752,188,10,2,2024-06-28,711.0
1753,106,7,1,2024-04-08,33.75
1754,14,17,3,2024-11-25,466.79999999999995
1755,12,4,2,2024-02-03,602.68
1756,87,13,2,2024-03-10,834.12
1757,12,4,3,2024-06-19,904.02
1758,141,5,2,2024-12-31,164.46
1759,25,4,5,2024-09-28,1506.6999999999998
1760,45,18,3,2024-02-28,794.25
1761,122,6,2,2024-06-29,164.44
1762,147,2,1,2024-01-19,475.6
1763,55,11,1,2024-08-13,15.19
1764,100,14,5,2024-04-04,550.55
1765,173,5,3,2024-10-23,246.69
1766,136,6,2,2024-03-21,164.44
1767,119,10,2,2024-06-23,711.0
1768,53,8,1,2024-08-09,433.76
1769,183,14,5,2024-04-12,550.55
1770,32,3,1,2024-02-23,367.34
1771,51,12,1,2024-07-01,485.11
1772,44,16,5,2024-12-16,478.95000000000005
1773,82,17,3,2024-11-13,466.79999999999995
1774,198,1,2,2024-12-20,380.8
1775,146,10,3,2024-12-14,1066.5
1776,150,10,4,2024-11-16,1422.0
1777,37,2,4,2024-03-08,1902.4
1778,96,9,4,2024-01-28,1210.2
1779,56,13,5,2024-09-30,2085.3
1780,105,16,1,2024-10-08,95.79
1781,59,18,3,2024-12-25,794.25
1782,131,19,2,2024-11-06,437.62
1783,156,12,4,2024-04-28,1940.44
1784,35,8,3,2024-05-13,1301.28
1785,189,17,4,2024-05-08,622.4
1786,93,15,4,2024-01-08,380.0
1787,182,10,2,2024-02-20,711.0
1788,191,15,5,2024-12-06,475.0
1789,97,15,1,2024-10-07,95.0
1790,135,7,5,2024-06-23,168.75
1791,76,13,3,2024-07-01,1251.18
1792,49,17,5,2024-07-10,778.0
1793,94,9,3,2024-09-05,907.6500000000001
1794,159,8,3,2024-08-22,1301.28
1795,186,20,1,2024-03-23,149.16
1796,189,18,2,2024-04-02,529.5
1797,24,13,1,2024-11-07,417.06
1798,148,16,5,2024-09-24,478.95000000000005
1799,37,9,3,2024-04-29,907.6500000000001
1800,4,12,4,2024-03-11,1940.44
1801,108,12,4,2024-01-17,1940.44
1802,126,6,3,2024-09-09,246.66
1803,20,19,1,2024-05-01,218.81
1804,188,7,2,2024-01-10,67.5
1805,152,3,1,2024-10-13,367.34
1806,50,16,3,2024-11-11,287.37
1807,177,18,3,2024-11-21,794.25
1808,179,16,2,2024-09-29,191.58
1809,96,7,5,2024-11-01,168.75
1810,105,4,5,2024-10-19,1506.6999999999998
1811,164,8,2,2024-07-28,867.52
1812,117,13,5,2024-08-05,2085.3
1813,98,13,4,2024-08-28,1668.24
1814,66,17,5,2024-07-18,778.0
1815,79,17,5,2024-08-03,778.0
1816,162,5,5,2024-07-23,411.15000000000003
1817,164,6,4,2024-08-03,328.88
1818,6,19,5,2024-03-20,1094.05
1819,39,13,4,2024-09-23,1668.24
1820,170,14,2,2024-02-04,220.22
1821,115,4,1,2024-10-15,301.34
1822,186,7,2,2024-01-18,67.5
1823,125,8,1,2024-06-13,433.76
1824,12,13,2,2024-01-13,834.12
1825,131,6,1,2024-07-20,82.22
1826,18,6,1,2024-08-16,82.22
1827,40,3,3,2024-12-11,1102.02
1828,21,3,1,2024-12-31,367.34
1829,143,13,1,2024-01-01,417.06
1830,99,2,3,2024-11-14,1426.8000000000002
1831,26,16,5,2024-08-04,478.95000000000005
1832,8,6,5,2024-02-03,411.1
1833,100,8,3,2024-12-24,1301.28
1834,87,8,4,2024-09-22,1735.04
1835,42,6,1,2024-05-07,82.22
1836,172,14,1,2024-07-30,110.11
1837,14,3,3,2024-09-19,1102.02
1838,78,10,3,2024-11-07,1066.5
1839,2,3,4,2024-03-20,1469.36
1840,119,12,5,2024-06-13,2425.55
1841,37,17,2,2024-09-08,311.2
1842,69,5,5,2024-01-12,411.15000000000003
1843,166,20,1,2024-10-30,149.16
1844,41,9,3,2024-07-30,907.6500000000001
1845,62,20,4,2024-10-08,596.64
1846,60,7,5,2024-04-21,168.75
1847,125,4,4,2024-07-29,1205.36
1848,111,13,5,2024-08-26,2085.3
1849,14,13,1,2024-09-24,417.06
1850,84,10,2,2024-10-24,711.0
1851,130,18,4,2024-11-12,1059.0
1852,70,17,4,2024-02-27,622.4
1853,145,20,2,2024-02-03,298.32
1854,123,20,4,2024-09-19,596.64
1855,89,13,4,2024-12-30,1668.24
1856,28,17,5,2024-02-04,778.0
1857,66,4,5,2024-09-27,1506.6999999999998
1858,163,1,2,2024-08-14,380.8
1859,5,1,1,2024-01-25,190.4
1860,193,15,4,2024-08-21,380.0
1861,168,13,1,2024-02-28,417.06
1862,184,17,2,2024-09-07,311.2
1863,164,8,2,2024-11-30,867.52
1864,45,18,5,2024-03-26,1323.75
1865,151,13,4,2024-09-07,1668.24
1866,47,14,3,2024-06-28,330.33
1867,31,8,2,2024-07-25,867.52
1868,139,8,4,2024-12-09,1735.04
1869,10,15,1,2024-05-28,95.0
1870,195,13,5,2024-03-11,2085.3
1871,118,7,1,2024-04-30,33.75
1872,14,5,2,2024-09-09,164.46
1873,80,17,2,2024-04-02,311.2
1874,93,16,1,2024-09-12,95.79
1875,10,2,2,2024-09-10,951.2
1876,76,18,4,2024-12-17,1059.0
1877,94,17,2,2024-10-14,311.2
1878,105,7,5,2024-11-04,168.75
1879,1,13,4,2024-02-28,1668.24
1880,133,18,3,2024-03-09,794.25
1881,20,14,2,2024-03-26,220.22
1882,8,18,2,2024-09-30,529.5
1883,171,13,5,2024-08-14,2085.3
1884,1,11,5,2024-03-21,75.95
1885,57,16,1,2024-04-23,95.79
1886,64,17,1,2024-07-02,155.6
1887,118,8,1,2024-10-06,433.76
1888,28,19,5,2024-11-17,1094.05
1889,121,20,1,2024-11-13,149.16
1890,107,15,1,2024-02-23,95.0
1891,165,9,3,2024-07-15,907.6500000000001
1892,175,20,1,2024-10-19,149.16
1893,165,10,2,2024-10-19,711.0
1894,49,12,5,2024-10-17,2425.55
1895,120,20,4,2024-06-28,596.64
1896,44,1,3,2024-08-09,571.2
1897,56,20,5,2024-09-30,745.8
1898,156,9,5,2024-08-31,1512.75
1899,111,15,2,2024-06-02,190.0
1900,134,1,1,2024-10-30,190.4
1901,108,12,2,2024-09-29,970.22
1902,189,3,1,2024-05-14,367.34
1903,148,11,1,2024-11-08,15.19
1904,114,2,5,2024-01-08,2378.0
1905,78,16,1,2024-05-07,95.79
1906,130,9,3,2024-02-25,907.6500000000001
1907,37,15,3,2024-05-05,285.0
1908,20,12,3,2024-06-07,1455.33
1909,26,1,5,2024-02-28,952.0
1910,29,13,2,2024-02-27,834.12
1911,1,14,4,2024-05-19,440.44
1912,119,8,1,2024-06-24,433.76
1913,35,8,4,2024-04-17,1735.04
1914,198,12,2,2024-07-29,970.22
1915,59,1,2,2024-03-14,380.8
1916,69,11,5,2024-06-15,75.95
1917,161,8,3,2024-12-22,1301.28
1918,179,10,3,2024-10-30,1066.5
1919,12,19,2,2024-08-20,437.62
1920,20,11,5,2024-11-22,75.95
1921,181,7,5,2024-06-30,168.75
1922,43,11,1,2024-05-01,15.19
1923,126,17,3,2024-11-29,466.79999999999995
1924,50,1,2,2024-07-21,380.8
1925,29,8,4,2024-01-29,1735.04
1926,185,6,3,2024-07-20,246.66
1927,39,18,1,2024-04-02,264.75
1928,184,6,5,2024-11-24,411.1
1929,171,5,2,2024-12-21,164.46
1930,178,13,3,2024-06-24,1251.18
1931,151,19,4,2024-11-25,875.24
1932,172,8,1,2024-07-29,433.76
1933,38,9,1,2024-07-02,302.55
1934,84,17,3,2024-04-04,466.79999999999995
1935,151,3,4,2024-09-29,1469.36
1936,128,19,1,2024-05-16,218.81
1937,126,11,2,2024-08-24,30.38
1938,45,17,1,2024-12-18,155.6
1939,52,19,4,2024-09-21,875.24
1940,80,2,5,2024-05-14,2378.0
1941,178,8,5,2024-05-23,2168.8
1942,124,19,3,2024-01-19,656.4300000000001
1943,119,7,4,2024-08-18,135.0
1944,8,17,1,2024-05-13,155.6
1945,85,6,1,2024-04-23,82.22
1946,129,19,5,2024-05-18,1094.05
1947,8,6,5,2024-05-04,411.1
1948,157,2,2,2024-07-22,951.2
1949,96,6,5,2024-03-01,411.1
1950,102,5,2,2024-09-06,164.46
1951,5,19,1,2024-10-24,218.81
1952,86,20,2,2024-01-13,298.32
1953,175,4,2,2024-09-11,602.68
1954,34,17,3,2024-03-25,466.79999999999995
1955,193,11,5,2024-01-20,75.95
1956,55,4,2,2024-02-19,602.68
1957,119,13,1,2024-06-12,417.06
1958,171,20,4,2024-04-01,596.64
1959,158,17,2,2024-03-28,311.2
1960,114,9,5,2024-03-09,1512.75
1961,145,4,3,2024-02-06,904.02
1962,26,14,1,2024-09-09,110.11
1963,136,19,3,2024-09-08,656.4300000000001
1964,47,3,4,2024-05-19,1469.36
1965,113,14,2,2024-12-20,220.22
1966,76,8,2,2024-06-16,867.52
1967,72,1,5,2024-02-23,952.0
1968,89,10,2,2024-06-26,711.0
1969,46,18,1,2024-10-23,264.75
1970,196,16,4,2024-10-27,383.16
1971,33,8,3,2024-12-24,1301.28
1972,1,1,4,2024-04-15,761.6
1973,147,12,2,2024-05-16,970.22
1974,31,8,3,2024-07-08,1301.28
1975,142,16,5,2024-05-07,478.95000000000005
1976,53,18,4,2024-12-07,1059.0
1977,48,4,3,2024-02-16,904.02
1978,69,6,3,2024-01-05,246.66
1979,105,12,3,2024-09-13,1455.33
1980,90,9,1,2024-10-26,302.55
1981,190,15,4,2024-05-29,380.0
1982,194,16,3,2024-10-20,287.37
1983,192,12,4,2024-08-30,1940.44
1984,198,14,3,2024-10-01,330.33
1985,63,13,5,2024-07-26,2085.3
1986,73,2,5,2024-04-24,2378.0
1987,161,3,5,2024-07-13,1836.6999999999998
1988,169,10,2,2024-12-08,711.0
1989,89,9,3,2024-06-18,907.6500000000001
1990,176,20,2,2024-03-22,298.32
1991,13,8,4,2024-06-02,1735.04
1992,73,10,2,2024-05-20,711.0
1993,77,19,4,2024-11-09,875.24
1994,159,3,4,2024-05-25,1469.36
1995,68,5,4,2024-11-18,328.92
1996,98,3,2,2024-05-01,734.68
1997,125,16,3,2024-09-08,287.37
1998,102,17,2,2024-12-08,311.2
1999,132,15,3,2024-11-06,285.0
2000,102,3,3,2024-03-29,1102.02
2001,19,12,4,2024-02-27,1940.44
2002,198,9,2,2024-03-03,605.1
2003,82,12,3,2024-12-12,1455.33
2004,141,15,5,2024-11-03,475.0
2005,23,2,3,2024-10-06,1426.8000000000002
2006,83,18,5,2024-03-12,1323.75
2007,109,20,2,2024-01-09,298.32
2008,75,12,2,2024-12-31,970.22
2009,129,4,2,2024-04-03,602.68
2010,88,16,3,2024-12-04,287.37
2011,54,16,1,2024-12-01,95.79
2012,199,1,3,2024-05-31,571.2
2013,89,2,3,2024-12-21,1426.8000000000002
2014,143,3,4,2024-02-09,1469.36
2015,65,20,4,2024-12-24,596.64
2016,76,17,3,2024-03-02,466.79999999999995
2017,199,20,5,2024-09-10,745.8
2018,143,1,4,2024-03-09,761.6
2019,149,20,3,2024-09-01,447.48
2020,147,6,1,2024-12-30,82.22
2021,60,15,5,2024-06-18,475.0
2022,93,14,2,2024-06-26,220.22
2023,161,20,3,2024-07-07,447.48
2024,49,15,3,2024-09-16,285.0
2025,35,14,5,2024-03-12,550.55
2026,172,5,4,2024-01-17,328.92
2027,102,6,4,2024-12-06,328.88
2028,11,17,4,2024-02-26,622.4
2029,99,11,2,2024-08-05,30.38
2030,200,16,5,2024-04-16,478.95000000000005
2031,110,12,5,2024-10-30,2425.55
2032,74,15,4,2024-06-21,380.0
2033,194,4,4,2024-08-06,1205.36
2034,174,18,1,2024-09-03,264.75
2035,9,3,1,2024-08-05,367.34
2036,3,8,3,2024-01-31,1301.28
2037,85,3,3,2024-02-16,1102.02
2038,26,8,5,2024-05-13,2168.8
2039,72,18,5,2024-04-17,1323.75
2040,48,10,2,2024-03-12,711.0
2041,194,20,2,2024-11-22,298.32
2042,198,17,1,2024-04-17,155.6
2043,156,8,3,2024-11-04,1301.28
2044,117,11,1,2024-09-28,15.19
2045,154,5,1,2024-06-19,82.23
2046,153,13,3,2024-04-25,1251.18
2047,12,5,2,2024-11-24,164.46
2048,133,13,3,2024-03-14,1251.18
2049,48,6,4,2024-09-12,328.88
2050,37,5,4,2024-03-21,328.92
2051,44,9,4,2024-09-24,1210.2
2052,15,16,5,2024-05-07,478.95000000000005
2053,43,2,2,2024-11-21,951.2
2054,176,1,2,2024-08-22,380.8
2055,87,8,5,2024-02-10,2168.8
2056,70,19,1,2024-06-29,218.81
2057,46,11,4,2024-06-05,60.76
2058,108,12,4,2024-02-28,1940.44
2059,123,12,1,2024-12-10,485.11
2060,171,7,3,2024-09-05,101.25
2061,21,13,3,2024-07-10,1251.18
2062,151,8,2,2024-01-24,867.52
2063,107,9,5,2024-03-20,1512.75
2064,80,7,2,2024-05-13,67.5
2065,47,15,3,2024-07-31,285.0
2066,117,2,1,2024-12-13,475.6
2067,124,20,2,2024-06-14,298.32
2068,143,12,4,2024-12-13,1940.44
2069,25,1,4,2024-12-02,761.6
2070,36,8,1,2024-03-11,433.76
2071,51,5,3,2024-08-01,246.69
2072,15,15,4,2024-03-05,380.0
2073,68,1,4,2024-08-08,761.6
2074,21,1,5,2024-11-03,952.0
2075,141,10,2,2024-10-12,711.0
2076,19,10,3,2024-07-03,1066.5
2077,34,15,2,2024-07-25,190.0
2078,78,17,3,2024-04-08,466.79999999999995
2079,125,6,4,2024-08-29,328.88
2080,196,3,5,2024-06-06,1836.6999999999998
2081,117,13,2,2024-04-07,834.12
2082,52,16,4,2024-02-11,383.16
2083,27,8,3,2024-05-18,1301.28
2084,157,15,2,2024-10-09,190.0
2085,156,17,2,2024-08-14,311.2
2086,35,17,4,2024-03-12,622.4
2087,136,13,2,2024-08-30,834.12
2088,144,17,5,2024-01-18,778.0
2089,106,6,5,2024-03-17,411.1
2090,164,17,4,2024-02-14,622.4
2091,158,16,3,2024-12-08,287.37
2092,146,14,4,2024-05-19,440.44
2093,2,13,5,2024-06-25,2085.3
2094,177,6,1,2024-08-09,82.22
2095,77,3,1,2024-04-01,367.34
2096,132,14,2,2024-01-22,220.22
2097,90,14,2,2024-06-20,220.22
2098,89,15,1,2024-04-01,95.0
2099,94,8,5,2024-07-10,2168.8
2100,7,15,2,2024-03-17,190.0
2101,95,13,4,2024-10-07,1668.24
2102,108,17,4,2024-12-29,622.4
2103,74,3,5,2024-06-27,1836.6999999999998
2104,39,6,2,2024-08-25,164.44
2105,141,5,4,2024-05-14,328.92
2106,159,17,2,2024-12-30,311.2
2107,71,2,2,2024-10-06,951.2
2108,191,15,4,2024-01-19,380.0
2109,56,5,1,2024-03-23,82.23
2110,170,20,4,2024-08-15,596.64
2111,189,6,5,2024-09-21,411.1
2112,42,6,3,2024-04-21,246.66
2113,184,18,4,2024-09-07,1059.0
2114,36,18,2,2024-06-12,529.5
2115,84,4,2,2024-12-23,602.68
2116,196,17,4,2024-06-16,622.4
2117,118,14,3,2024-08-08,330.33
2118,7,14,4,2024-10-30,440.44
2119,54,13,3,2024-07-09,1251.18
2120,129,7,3,2024-11-20,101.25
2121,172,12,5,2024-06-18,2425.55
2122,120,15,2,2024-02-14,190.0
2123,173,19,2,2024-01-14,437.62
2124,106,11,3,2024-08-18,45.57
2125,47,15,2,2024-06-05,190.0
2126,123,12,1,2024-05-13,485.11
2127,141,3,3,2024-02-06,1102.02
2128,119,17,2,2024-02-22,311.2
2129,150,3,1,2024-01-18,367.34
2130,118,19,5,2024-02-07,1094.05
2131,21,20,2,2024-07-05,298.32
2132,137,4,1,2024-07-14,301.34
2133,26,3,4,2024-08-30,1469.36
2134,9,16,4,2024-10-26,383.16
2135,15,12,1,2024-10-29,485.11
2136,10,8,3,2024-02-04,1301.28
2137,122,17,3,2024-08-02,466.79999999999995
2138,121,7,2,2024-08-06,67.5
2139,125,11,4,2024-11-11,60.76
2140,170,18,3,2024-03-30,794.25
2141,72,1,3,2024-11-03,571.2
2142,152,3,4,2024-09-08,1469.36
2143,49,4,5,2024-01-08,1506.6999999999998
2144,154,13,3,2024-09-12,1251.18
2145,91,6,1,2024-12-28,82.22
2146,37,14,2,2024-07-26,220.22
2147,68,5,3,2024-05-10,246.69
2148,50,16,3,2024-08-11,287.37
2149,152,15,5,2024-07-15,475.0
2150,19,15,1,2024-05-21,95.0
2151,100,4,2,2024-09-08,602.68
2152,60,8,3,2024-04-05,1301.28
2153,167,16,2,2024-01-26,191.58
2154,89,16,4,2024-04-20,383.16
2155,146,4,3,2024-05-02,904.02
2156,147,13,3,2024-07-04,1251.18
2157,164,13,4,2024-06-16,1668.24
2158,183,2,5,2024-02-20,2378.0
2159,69,3,3,2024-01-05,1102.02
2160,175,8,2,2024-03-17,867.52
2161,49,15,1,2024-06-08,95.0
2162,108,11,2,2024-07-26,30.38
2163,161,9,5,2024-09-13,1512.75
2164,119,7,1,2024-07-23,33.75
2165,149,13,2,2024-09-11,834.12
2166,150,2,2,2024-01-11,951.2
2167,176,8,4,2024-01-08,1735.04
2168,37,7,5,2024-02-01,168.75
2169,143,12,4,2024-01-28,1940.44
2170,163,19,1,2024-07-24,218.81
2171,199,7,4,2024-08-15,135.0
2172,160,10,5,2024-05-07,1777.5
2173,11,16,3,2024-09-11,287.37
2174,138,3,3,2024-07-30,1102.02
2175,78,10,1,2024-08-26,355.5
2176,77,6,3,2024-07-25,246.66
2177,185,18,4,2024-11-13,1059.0
2178,153,18,1,2024-10-09,264.75
2179,2,5,5,2024-09-01,411.15000000000003
2180,64,7,1,2024-02-14,33.75
2181,35,2,1,2024-04-14,475.6
2182,7,11,2,2024-12-13,30.38
2183,85,13,2,2024-10-07,834.12
2184,146,5,1,2024-08-21,82.23
2185,67,6,3,2024-07-07,246.66
2186,42,14,2,2024-02-13,220.22
2187,118,12,5,2024-08-12,2425.55
2188,125,4,4,2024-05-21,1205.36
2189,167,6,2,2024-05-15,164.44
2190,169,10,1,2024-06-24,355.5
2191,24,18,3,2024-05-21,794.25
2192,188,15,4,2024-03-20,380.0
2193,46,8,2,2024-03-22,867.52
2194,19,9,3,2024-05-14,907.6500000000001
2195,68,5,3,2024-07-25,246.69
2196,102,10,3,2024-12-09,1066.5
2197,42,20,1,2024-06-25,149.16
2198,32,6,5,2024-08-30,411.1
2199,167,16,3,2024-02-24,287.37
2200,109,3,4,2024-05-20,1469.36
2201,36,10,2,2024-02-25,711.0
2202,97,11,4,2024-01-15,60.76
2203,164,11,1,2024-07-03,15.19
2204,131,17,1,2024-11-09,155.6
2205,73,4,4,2024-03-28,1205.36
2206,136,4,5,2024-04-06,1506.6999999999998
2207,97,17,1,2024-05-23,155.6
2208,123,9,1,2024-01-08,302.55
2209,70,19,4,2024-08-02,875.24
2210,169,5,1,2024-06-21,82.23
2211,196,6,5,2024-08-10,411.1
2212,13,3,5,2024-02-09,1836.6999999999998
2213,49,1,5,2024-06-30,952.0
2214,60,20,2,2024-09-26,298.32
2215,130,16,5,2024-07-05,478.95000000000005
2216,188,11,5,2024-09-01,75.95
2217,5,13,2,2024-11-04,834.12
2218,172,10,3,2024-08-18,1066.5
2219,27,3,1,2024-06-03,367.34
2220,160,9,5,2024-06-23,1512.75
2221,149,12,1,2024-12-01,485.11
2222,8,14,4,2024-04-24,440.44
2223,200,1,1,2024-11-06,190.4
2224,50,18,2,2024-10-26,529.5
2225,67,17,1,2024-01-18,155.6
2226,44,9,1,2024-09-28,302.55
2227,125,9,1,2024-01-12,302.55
2228,58,10,3,2024-10-27,1066.5
2229,3,19,3,2024-07-10,656.4300000000001
2230,86,15,4,2024-08-19,380.0
2231,70,5,2,2024-04-02,164.46
2232,130,15,1,2024-08-05,95.0
2233,172,20,1,2024-10-04,149.16
2234,2,2,1,2024-12-18,475.6
2235,102,13,1,2024-10-29,417.06
2236,35,16,3,2024-01-29,287.37
2237,98,15,4,2024-10-27,380.0
2238,30,10,5,2024-03-17,1777.5
2239,116,14,2,2024-01-09,220.22
2240,8,10,1,2024-01-24,355.5
2241,150,14,4,2024-01-15,440.44
2242,44,9,5,2024-06-12,1512.75
2243,186,14,4,2024-01-13,440.44
2244,36,3,3,2024-12-12,1102.02
2245,197,20,5,2024-06-20,745.8
2246,77,16,4,2024-12-22,383.16
2247,31,2,3,2024-11-22,1426.8000000000002
2248,47,10,4,2024-07-18,1422.0
2249,55,3,4,2024-03-16,1469.36
2250,106,11,5,2024-06-12,75.95
2251,190,11,3,2024-03-01,45.57
2252,158,13,1,2024-09-01,417.06
2253,121,7,2,2024-06-03,67.5
2254,55,17,5,2024-09-13,778.0
2255,144,2,3,2024-08-31,1426.8000000000002
2256,12,12,4,2024-06-10,1940.44
2257,145,10,3,2024-03-08,1066.5
2258,144,18,2,2024-12-09,529.5
2259,140,11,2,2024-10-03,30.38
2260,136,16,1,2024-06-09,95.79
2261,3,17,1,2024-09-15,155.6
2262,144,19,2,2024-11-02,437.62
2263,30,18,5,2024-11-30,1323.75
2264,23,3,5,2024-04-04,1836.6999999999998
2265,92,16,4,2024-09-02,383.16
2266,115,6,1,2024-08-08,82.22
2267,104,12,4,2024-05-02,1940.44
2268,118,11,1,2024-07-05,15.19
2269,5,15,2,2024-09-18,190.0
2270,104,15,5,2024-09-29,475.0
2271,108,16,5,2024-02-29,478.95000000000005
2272,65,10,2,2024-05-04,711.0
2273,121,12,4,2024-12-02,1940.44
2274,30,13,4,2024-12-06,1668.24
2275,149,4,3,2024-02-20,904.02
2276,84,7,1,2024-06-26,33.75
2277,198,2,4,2024-05-18,1902.4
2278,150,15,2,2024-11-22,190.0
2279,200,8,4,2024-06-18,1735.04
2280,32,7,5,2024-02-08,168.75
2281,161,15,1,2024-03-09,95.0
2282,16,14,3,2024-08-23,330.33
2283,38,8,1,2024-02-17,433.76
2284,142,12,5,2024-02-26,2425.55
2285,36,13,5,2024-10-03,2085.3
2286,151,11,5,2024-12-03,75.95
2287,114,17,5,2024-04-08,778.0
2288,66,17,2,2024-01-15,311.2
2289,105,4,3,2024-11-20,904.02
2290,85,8,5,2024-06-27,2168.8
2291,2,5,5,2024-11-27,411.15000000000003
2292,193,16,4,2024-03-02,383.16
2293,75,4,3,2024-04-28,904.02
2294,67,15,1,2024-02-06,95.0
2295,180,12,3,2024-05-13,1455.33
2296,190,5,3,2024-01-26,246.69
2297,151,16,3,2024-01-08,287.37
2298,154,14,5,2024-01-04,550.55
2299,196,10,5,2024-01-21,1777.5
2300,55,7,2,2024-05-28,67.5
2301,6,13,1,2024-01-25,417.06
2302,163,20,4,2024-05-22,596.64
2303,150,5,3,2024-09-01,246.69
2304,171,3,1,2024-02-12,367.34
2305,143,15,1,2024-10-19,95.0
2306,86,4,2,2024-07-03,602.68
2307,60,15,4,2024-02-11,380.0
2308,101,14,3,2024-04-01,330.33
2309,12,20,4,2024-11-12,596.64
2310,49,19,2,2024-11-19,437.62
2311,42,13,5,2024-02-22,2085.3
2312,166,10,1,2024-03-24,355.5
2313,82,5,3,2024-02-03,246.69
2314,173,20,5,2024-03-16,745.8
2315,35,20,2,2024-12-18,298.32
2316,158,6,4,2024-07-15,328.88
2317,158,4,1,2024-10-12,301.34
2318,134,2,3,2024-03-28,1426.8000000000002
2319,67,16,5,2024-08-22,478.95000000000005
2320,80,18,5,2024-08-19,1323.75
2321,7,5,1,2024-01-07,82.23
2322,180,4,4,2024-10-18,1205.36
2323,14,13,2,2024-02-07,834.12
2324,73,19,4,2024-02-21,875.24
2325,143,2,4,2024-05-22,1902.4
2326,149,13,4,2024-08-08,1668.24
2327,163,11,1,2024-08-27,15.19
2328,66,4,1,2024-05-22,301.34
2329,91,20,2,2024-12-14,298.32
2330,130,20,4,2024-12-28,596.64
2331,163,15,1,2024-02-18,95.0
2332,20,4,2,2024-10-03,602.68
2333,10,9,2,2024-09-27,605.1
2334,25,7,4,2024-01-14,135.0
2335,194,19,3,2024-10-24,656.4300000000001
2336,25,19,4,2024-01-15,875.24
2337,54,6,3,2024-08-21,246.66
2338,33,6,2,2024-03-03,164.44
2339,164,20,1,2024-07-14,149.16
2340,95,15,5,2024-01-27,475.0
2341,14,15,2,2024-04-02,190.0
2342,65,20,1,2024-04-14,149.16
2343,110,9,2,2024-11-04,605.1
2344,80,4,4,2024-02-21,1205.36
2345,54,18,3,2024-11-14,794.25
2346,125,18,2,2024-06-29,529.5
2347,180,5,1,2024-02-26,82.23
2348,131,20,4,2024-04-29,596.64
2349,169,11,5,2024-11-03,75.95
2350,134,5,4,2024-12-28,328.92
2351,25,4,3,2024-02-12,904.02
2352,141,12,4,2024-05-14,1940.44
2353,117,2,5,2024-09-16,2378.0
2354,136,13,1,2024-07-15,417.06
2355,149,10,2,2024-05-12,711.0
2356,196,9,3,2024-09-11,907.6500000000001
2357,25,10,5,2024-08-07,1777.5
2358,79,7,3,2024-12-01,101.25
2359,68,4,4,2024-02-10,1205.36
2360,173,19,3,2024-09-11,656.4300000000001
2361,188,10,5,2024-01-02,1777.5
2362,12,3,2,2024-07-13,734.68
2363,32,19,2,2024-08-29,437.62
2364,128,2,3,2024-05-28,1426.8000000000002
2365,96,20,1,2024-07-16,149.16
2366,92,10,3,2024-10-25,1066.5
2367,141,2,4,2024-09-01,1902.4
2368,31,2,2,2024-12-03,951.2
2369,78,17,2,2024-04-17,311.2
2370,20,16,2,2024-07-30,191.58
2371,146,16,1,2024-06-04,95.79
2372,60,14,1,2024-01-26,110.11
2373,191,7,5,2024-03-22,168.75
2374,134,11,3,2024-03-23,45.57
2375,160,1,3,2024-05-10,571.2
2376,93,11,4,2024-11-24,60.76
2377,43,4,2,2024-04-09,602.68
2378,130,7,1,2024-09-12,33.75
2379,60,15,4,2024-02-18,380.0
2380,151,18,4,2024-03-03,1059.0
2381,31,12,1,2024-11-06,485.11
2382,5,17,3,2024-10-16,466.79999999999995
2383,162,1,2,2024-04-14,380.8
2384,10,11,3,2024-04-14,45.57
2385,89,1,4,2024-11-20,761.6
2386,130,15,2,2024-01-15,190.0
2387,126,10,5,2024-06-23,1777.5
2388,11,7,4,2024-09-15,135.0
2389,178,2,3,2024-07-29,1426.8000000000002
2390,159,10,3,2024-09-15,1066.5
2391,56,4,3,2024-04-11,904.02
2392,83,12,1,2024-09-16,485.11
2393,137,19,4,2024-12-09,875.24
2394,99,11,2,2024-06-07,30.38
2395,149,8,3,2024-02-14,1301.28
2396,73,18,3,2024-10-27,794.25
2397,156,11,1,2024-09-07,15.19
2398,190,11,2,2024-11-26,30.38
2399,115,13,4,2024-06-13,1668.24
2400,7,3,5,2024-07-11,1836.6999999999998
2401,80,12,1,2024-01-09,485.11
2402,144,3,4,2024-03-05,1469.36
2403,97,10,5,2024-10-08,1777.5
2404,4,17,3,2024-06-29,466.79999999999995
2405,4,2,3,2024-10-08,1426.8000000000002
2406,103,17,2,2024-10-05,311.2
2407,40,16,5,2024-01-30,478.95000000000005
2408,17,2,3,2024-09-22,1426.8000000000002
2409,101,20,3,2024-11-23,447.48
2410,103,6,2,2024-08-04,164.44
2411,124,10,4,2024-11-15,1422.0
2412,52,10,3,2024-04-14,1066.5
2413,52,8,1,2024-07-02,433.76
2414,164,1,1,2024-11-25,190.4
2415,124,13,4,2024-05-27,1668.24
2416,166,9,5,2024-04-14,1512.75
2417,178,10,2,2024-02-16,711.0
2418,63,15,1,2024-03-27,95.0
2419,116,5,1,2024-11-04,82.23
2420,191,16,4,2024-05-08,383.16
2421,62,13,5,2024-09-14,2085.3
2422,7,20,5,2024-11-09,745.8
2423,155,18,4,2024-05-26,1059.0
2424,92,11,1,2024-03-12,15.19
2425,14,9,2,2024-05-19,605.1
2426,199,16,1,2024-01-27,95.79
2427,86,2,5,2024-01-29,2378.0
2428,133,2,1,2024-09-27,475.6
2429,183,12,2,2024-06-22,970.22
2430,130,8,3,2024-09-09,1301.28
2431,62,9,1,2024-02-29,302.55
2432,149,12,4,2024-04-16,1940.44
2433,79,9,3,2024-08-07,907.6500000000001
2434,149,10,4,2024-09-15,1422.0
2435,138,2,4,2024-05-25,1902.4
2436,58,16,4,2024-02-21,383.16
2437,120,20,1,2024-02-29,149.16
2438,167,7,5,2024-02-03,168.75
2439,133,2,3,2024-04-05,1426.8000000000002
2440,65,1,2,2024-03-29,380.8
2441,13,19,5,2024-11-11,1094.05
2442,181,4,1,2024-08-18,301.34
2443,82,2,4,2024-10-01,1902.4
2444,173,14,2,2024-09-02,220.22
2445,160,2,3,2024-04-20,1426.8000000000002
2446,164,15,5,2024-08-21,475.0
2447,188,12,5,2024-10-04,2425.55
2448,139,5,2,2024-06-14,164.46
2449,191,20,1,2024-05-07,149.16
2450,149,7,3,2024-08-24,101.25
2451,52,10,2,2024-10-17,711.0
2452,183,14,4,2024-04-16,440.44
2453,117,14,3,2024-05-07,330.33
2454,26,5,5,2024-07-13,411.15000000000003
2455,196,18,2,2024-12-04,529.5
2456,34,14,5,2024-05-22,550.55
2457,52,2,5,2024-04-20,2378.0
2458,112,12,5,2024-03-30,2425.55
2459,82,6,1,2024-09-07,82.22
2460,180,4,5,2024-10-06,1506.6999999999998
2461,157,13,4,2024-11-28,1668.24
2462,166,4,4,2024-08-11,1205.36
2463,42,14,3,2024-04-10,330.33
2464,21,16,5,2024-05-11,478.95000000000005
2465,42,4,5,2024-01-13,1506.6999999999998
2466,141,1,2,2024-04-07,380.8
2467,113,13,1,2024-04-29,417.06
2468,105,4,3,2024-10-19,904.02
2469,192,20,5,2024-10-30,745.8
2470,17,18,2,2024-07-17,529.5
2471,120,6,1,2024-01-01,82.22
2472,137,3,3,2024-02-29,1102.02
2473,169,13,3,2024-09-06,1251.18
2474,129,16,5,2024-05-19,478.95000000000005
2475,130,5,3,2024-05-28,246.69
2476,60,4,2,2024-02-13,602.68
2477,48,8,3,2024-07-04,1301.28
2478,29,19,4,2024-04-17,875.24
2479,97,14,2,2024-02-13,220.22
2480,10,7,1,2024-03-18,33.75
2481,58,14,1,2024-08-13,110.11
2482,188,6,5,2024-06-10,411.1
2483,21,12,5,2024-10-07,2425.55
2484,28,16,4,2024-09-09,383.16
2485,34,17,1,2024-05-11,155.6
2486,8,13,1,2024-05-23,417.06
2487,187,14,1,2024-09-22,110.11
2488,200,7,1,2024-04-18,33.75
2489,177,14,3,2024-07-12,330.33
2490,79,15,2,2024-02-04,190.0
2491,145,12,2,2024-10-01,970.22
2492,188,17,4,2024-07-05,622.4
2493,87,9,3,2024-08-30,907.6500000000001
2494,88,15,1,2024-09-20,95.0
2495,173,12,1,2024-01-10,485.11
2496,69,2,5,2024-06-14,2378.0
2497,160,5,5,2024-01-29,411.15000000000003
2498,172,13,4,2024-09-27,1668.24
2499,193,20,1,2024-03-27,149.16
2500,87,8,4,2024-01-23,1735.04
2501,101,14,3,2024-07-28,330.33
2502,8,15,2,2024-02-15,190.0
2503,77,11,1,2024-01-28,15.19
2504,200,1,3,2024-01-26,571.2
2505,87,3,1,2024-09-22,367.34
2506,43,17,5,2024-06-23,778.0
2507,129,19,4,2024-01-04,875.24
2508,109,14,5,2024-11-06,550.55
2509,179,8,2,2024-11-17,867.52
2510,152,13,5,2024-03-07,2085.3
2511,152,20,1,2024-05-14,149.16
2512,17,3,5,2024-02-24,1836.6999999999998
2513,133,5,1,2024-01-31,82.23
2514,148,9,2,2024-03-14,605.1
2515,21,6,5,2024-01-19,411.1
2516,58,2,4,2024-06-04,1902.4
2517,159,13,4,2024-12-02,1668.24
2518,110,5,4,2024-06-04,328.92
2519,139,8,5,2024-05-26,2168.8
2520,180,1,5,2024-03-27,952.0
2521,143,20,5,2024-01-20,745.8
2522,135,12,1,2024-09-25,485.11
2523,28,11,2,2024-11-28,30.38
2524,51,7,4,2024-02-12,135.0
2525,186,15,1,2024-11-01,95.0
2526,5,11,4,2024-01-28,60.76
2527,5,16,1,2024-09-16,95.79
2528,94,3,5,2024-01-22,1836.6999999999998
2529,96,20,4,2024-04-10,596.64
2530,8,14,5,2024-02-08,550.55
2531,64,3,4,2024-10-16,1469.36
2532,138,1,3,2024-12-18,571.2
2533,38,15,1,2024-10-26,95.0
2534,111,1,3,2024-06-18,571.2
2535,112,17,1,2024-10-22,155.6
2536,81,2,2,2024-12-18,951.2
2537,136,20,4,2024-05-09,596.64
2538,104,6,2,2024-06-04,164.44
2539,153,8,2,2024-03-14,867.52
2540,73,16,1,2024-12-07,95.79
2541,194,19,3,2024-03-30,656.4300000000001
2542,178,1,5,2024-03-07,952.0
2543,195,3,1,2024-08-23,367.34
2544,49,3,5,2024-07-18,1836.6999999999998
2545,36,5,2,2024-11-27,164.46
2546,126,12,5,2024-08-14,2425.55
2547,68,12,3,2024-12-13,1455.33
2548,78,20,1,2024-08-20,149.16
2549,105,13,3,2024-09-22,1251.18
2550,169,20,3,2024-03-26,447.48
2551,122,9,1,2024-04-11,302.55
2552,119,7,3,2024-08-01,101.25
2553,190,4,4,2024-04-17,1205.36
2554,114,19,4,2024-06-13,875.24
2555,10,19,4,2024-03-31,875.24
2556,149,6,5,2024-07-10,411.1
2557,164,13,3,2024-11-30,1251.18
2558,140,11,1,2024-03-26,15.19
2559,91,13,1,2024-08-09,417.06
2560,2,13,5,2024-12-28,2085.3
2561,118,20,1,2024-04-10,149.16
2562,13,15,4,2024-08-13,380.0
2563,181,13,3,2024-12-29,1251.18
2564,160,11,1,2024-02-29,15.19
2565,95,19,1,2024-09-06,218.81
2566,144,8,2,2024-02-17,867.52
2567,32,20,2,2024-04-26,298.32
2568,32,8,2,2024-08-14,867.52
2569,124,10,3,2024-12-27,1066.5
2570,11,16,4,2024-02-02,383.16
2571,10,19,4,2024-02-13,875.24
2572,15,11,4,2024-06-13,60.76
2573,17,13,3,2024-12-10,1251.18
2574,168,9,3,2024-10-18,907.6500000000001
2575,146,20,2,2024-12-02,298.32
2576,183,19,1,2024-12-09,218.81
2577,153,16,5,2024-10-13,478.95000000000005
2578,59,7,5,2024-12-29,168.75
2579,78,19,1,2024-08-12,218.81
2580,124,12,2,2024-10-12,970.22
2581,114,15,1,2024-07-22,95.0
2582,22,14,1,2024-06-20,110.11
2583,158,11,5,2024-01-12,75.95
2584,172,10,2,2024-11-02,711.0
2585,32,11,3,2024-04-30,45.57
2586,179,6,5,2024-08-31,411.1
2587,174,2,3,2024-05-31,1426.8000000000002
2588,113,11,2,2024-05-31,30.38
2589,120,19,1,2024-07-06,218.81
2590,149,6,4,2024-01-13,328.88
2591,122,14,4,2024-03-31,440.44
2592,32,20,2,2024-07-18,298.32
2593,119,6,4,2024-03-14,328.88
2594,39,17,3,2024-09-12,466.79999999999995
2595,12,10,4,2024-10-02,1422.0
2596,175,1,2,2024-11-23,380.8
2597,18,3,2,2024-11-24,734.68
2598,149,8,3,2024-03-11,1301.28
2599,141,8,4,2024-03-18,1735.04
2600,149,20,4,2024-10-10,596.64
2601,126,15,1,2024-05-09,95.0
2602,136,7,5,2024-02-12,168.75
2603,46,11,2,2024-01-08,30.38
2604,104,7,1,2024-01-13,33.75
2605,135,4,2,2024-07-31,602.68
2606,151,12,1,2024-04-20,485.11
2607,86,6,5,2024-10-17,411.1
2608,150,14,1,2024-01-23,110.11
2609,89,12,2,2024-10-28,970.22
2610,22,11,4,2024-09-10,60.76
2611,92,19,2,2024-01-15,437.62
2612,29,5,3,2024-05-09,246.69
2613,13,14,3,2024-03-01,330.33
2614,2,16,3,2024-04-24,287.37
2615,29,13,3,2024-11-15,1251.18
2616,180,20,5,2024-11-03,745.8
2617,27,4,4,2024-11-20,1205.36
2618,50,11,4,2024-03-07,60.76
2619,95,17,2,2024-09-05,311.2
2620,151,7,1,2024-06-23,33.75
2621,88,14,2,2024-12-04,220.22
2622,44,11,2,2024-01-02,30.38
2623,22,9,2,2024-06-20,605.1
2624,171,13,2,2024-11-29,834.12
2625,165,18,4,2024-10-10,1059.0
2626,189,11,1,2024-02-23,15.19
2627,97,15,2,2024-03-07,190.0
2628,184,19,4,2024-04-11,875.24
2629,3,1,2,2024-04-29,380.8
2630,191,4,3,2024-07-09,904.02
2631,118,14,2,2024-10-30,220.22
2632,19,14,2,2024-02-16,220.22
2633,23,3,5,2024-08-09,1836.6999999999998
2634,157,17,3,2024-01-21,466.79999999999995
2635,30,3,1,2024-06-06,367.34
2636,39,16,2,2024-12-13,191.58
2637,108,14,1,2024-06-07,110.11
2638,111,20,3,2024-08-22,447.48
2639,25,13,2,2024-05-29,834.12
2640,128,15,5,2024-09-13,475.0
2641,111,14,4,2024-06-13,440.44
2642,136,19,5,2024-03-17,1094.05
2643,106,6,5,2024-03-25,411.1
2644,186,10,4,2024-02-15,1422.0
2645,144,15,4,2024-02-16,380.0
2646,72,20,4,2024-07-31,596.64
2647,129,6,2,2024-02-28,164.44
2648,108,10,1,2024-02-23,355.5
2649,5,7,1,2024-12-07,33.75
2650,3,17,4,2024-01-12,622.4
2651,193,18,5,2024-07-10,1323.75
2652,132,17,3,2024-01-06,466.79999999999995
2653,104,9,4,2024-11-04,1210.2
2654,64,10,5,2024-05-23,1777.5
2655,106,10,5,2024-12-11,1777.5
2656,98,7,2,2024-09-17,67.5
2657,10,16,2,2024-03-13,191.58
2658,149,18,1,2024-06-22,264.75
2659,128,6,1,2024-08-19,82.22
2660,46,20,3,2024-09-26,447.48
2661,155,1,3,2024-12-27,571.2
2662,66,1,3,2024-08-09,571.2
2663,169,12,3,2024-02-21,1455.33
2664,112,2,5,2024-04-25,2378.0
2665,13,4,5,2024-01-26,1506.6999999999998
2666,137,17,1,2024-02-22,155.6
2667,164,4,2,2024-12-30,602.68
2668,86,11,2,2024-01-29,30.38
2669,90,4,4,2024-01-19,1205.36
2670,58,1,5,2024-10-29,952.0
2671,54,7,3,2024-10-05,101.25
2672,12,18,3,2024-04-26,794.25
2673,14,9,4,2024-04-15,1210.2
2674,121,3,2,2024-11-04,734.68
2675,162,8,3,2024-08-14,1301.28
2676,181,19,2,2024-12-17,437.62
2677,121,4,4,2024-07-04,1205.36
2678,20,18,2,2024-09-17,529.5
2679,75,20,2,2024-01-16,298.32
2680,144,11,2,2024-09-29,30.38
2681,70,14,3,2024-06-08,330.33
2682,56,18,1,2024-12-23,264.75
2683,101,16,5,2024-09-06,478.95000000000005
2684,186,3,2,2024-08-11,734.68
2685,132,15,2,2024-09-12,190.0
2686,111,4,2,2024-06-28,602.68
2687,125,5,1,2024-01-20,82.23
2688,132,17,4,2024-04-21,622.4
2689,20,7,3,2024-04-29,101.25
2690,138,16,1,2024-07-12,95.79
2691,24,14,2,2024-04-20,220.22
2692,154,16,1,2024-07-28,95.79
2693,37,7,1,2024-01-01,33.75
2694,54,9,1,2024-02-27,302.55
2695,103,4,4,2024-04-02,1205.36
2696,149,11,5,2024-08-08,75.95
2697,38,2,3,2024-07-29,1426.8000000000002
2698,174,12,4,2024-08-19,1940.44
2699,4,12,4,2024-09-18,1940.44
2700,188,4,5,2024-12-29,1506.6999999999998
2701,57,18,4,2024-04-12,1059.0
2702,173,7,1,2024-02-19,33.75
2703,20,1,1,2024-04-19,190.4
2704,17,13,2,2024-03-28,834.12
2705,119,6,4,2024-01-20,328.88
2706,71,6,2,2024-01-14,164.44
2707,4,12,3,2024-05-12,1455.33
2708,14,8,1,2024-10-22,433.76
2709,3,19,3,2024-02-03,656.4300000000001
2710,80,5,5,2024-07-26,411.15000000000003
2711,186,18,1,2024-10-27,264.75
2712,55,5,3,2024-07-17,246.69
2713,132,10,5,2024-03-20,1777.5
2714,120,1,3,2024-03-11,571.2
2715,24,10,5,2024-06-03,1777.5
2716,162,5,5,2024-03-18,411.15000000000003
2717,158,12,1,2024-03-18,485.11
2718,82,7,2,2024-06-20,67.5
2719,147,9,5,2024-10-15,1512.75
2720,159,12,5,2024-02-02,2425.55
2721,188,1,1,2024-10-26,190.4
2722,60,11,2,2024-10-02,30.38
2723,147,15,4,2024-01-07,380.0
2724,49,2,4,2024-06-08,1902.4
2725,63,20,2,2024-08-27,298.32
2726,110,7,3,2024-01-24,101.25
2727,150,12,1,2024-08-01,485.11
2728,152,18,2,2024-03-10,529.5
2729,109,3,4,2024-08-03,1469.36
2730,76,7,5,2024-04-13,168.75
2731,30,11,4,2024-08-02,60.76
2732,58,18,5,2024-02-23,1323.75
2733,117,12,1,2024-10-20,485.11
2734,159,6,5,2024-11-25,411.1
2735,100,5,2,2024-12-01,164.46
2736,192,1,5,2024-07-21,952.0
2737,19,12,3,2024-10-14,1455.33
2738,176,11,2,2024-02-14,30.38
2739,173,4,1,2024-11-12,301.34
2740,94,18,2,2024-07-16,529.5
2741,183,4,3,2024-08-03,904.02
2742,113,17,1,2024-11-04,155.6
2743,183,2,4,2024-11-27,1902.4
2744,146,2,3,2024-07-02,1426.8000000000002
2745,63,12,1,2024-01-27,485.11
2746,116,6,5,2024-06-14,411.1
2747,113,10,2,2024-11-13,711.0
2748,47,16,1,2024-09-30,95.79
2749,57,14,2,2024-12-30,220.22
2750,118,7,5,2024-04-12,168.75
2751,45,19,1,2024-11-28,218.81
2752,161,17,4,2024-04-13,622.4
2753,145,9,3,2024-09-01,907.6500000000001
2754,198,13,1,2024-10-31,417.06
2755,4,5,5,2024-06-17,411.15000000000003
2756,148,5,1,2024-04-25,82.23
2757,47,10,2,2024-05-20,711.0
2758,143,10,1,2024-12-21,355.5
2759,198,7,4,2024-05-04,135.0
2760,47,15,1,2024-01-25,95.0
2761,78,7,3,2024-07-12,101.25
2762,124,15,1,2024-04-09,95.0
2763,75,3,2,2024-01-05,734.68
2764,103,19,1,2024-01-19,218.81
2765,137,10,4,2024-06-18,1422.0
2766,90,15,5,2024-09-30,475.0
2767,144,3,1,2024-09-10,367.34
2768,69,6,1,2024-04-30,82.22
2769,61,12,3,2024-02-01,1455.33
2770,138,15,4,2024-05-28,380.0
2771,50,6,5,2024-09-22,411.1
2772,3,13,2,2024-02-06,834.12
2773,107,19,1,2024-06-25,218.81
2774,113,3,5,2024-12-07,1836.6999999999998
2775,94,8,2,2024-01-13,867.52
2776,118,8,4,2024-07-01,1735.04
2777,198,20,4,2024-05-24,596.64
2778,81,15,5,2024-09-21,475.0
2779,109,4,2,2024-03-28,602.68
2780,51,19,4,2024-02-15,875.24
2781,147,3,5,2024-04-28,1836.6999999999998
2782,170,13,4,2024-01-19,1668.24
2783,35,8,4,2024-08-07,1735.04
2784,46,16,4,2024-08-20,383.16
2785,154,13,3,2024-04-03,1251.18
2786,69,3,2,2024-09-07,734.68
2787,93,16,5,2024-09-06,478.95000000000005
2788,64,9,5,2024-10-08,1512.75
2789,165,14,2,2024-08-19,220.22
2790,49,13,2,2024-02-15,834.12
2791,149,7,2,2024-02-15,67.5
2792,74,15,2,2024-01-14,190.0
2793,192,7,1,2024-03-25,33.75
2794,5,6,5,2024-11-14,411.1
2795,100,2,1,2024-11-23,475.6
2796,70,9,4,2024-01-03,1210.2
2797,90,17,4,2024-01-28,622.4
2798,4,5,5,2024-06-05,411.15000000000003
2799,126,12,4,2024-12-08,1940.44
2800,39,1,2,2024-11-28,380.8
2801,163,10,1,2024-11-27,355.5
2802,129,11,2,2024-06-23,30.38
2803,24,16,4,2024-04-23,383.16
2804,57,14,1,2024-11-26,110.11
2805,100,8,2,2024-09-06,867.52
2806,70,17,5,2024-02-28,778.0
2807,41,18,2,2024-07-21,529.5
2808,182,12,4,2024-11-10,1940.44
2809,174,17,1,2024-08-26,155.6
2810,60,14,5,2024-08-21,550.55
2811,108,16,1,2024-10-29,95.79
2812,188,14,5,2024-04-04,550.55
2813,57,9,1,2024-05-20,302.55
2814,31,4,4,2024-11-29,1205.36
2815,84,11,5,2024-04-22,75.95
2816,152,6,3,2024-04-18,246.66
2817,36,15,1,2024-12-27,95.0
2818,158,5,1,2024-12-10,82.23
2819,152,11,2,2024-10-15,30.38
2820,108,18,5,2024-04-06,1323.75
2821,106,13,3,2024-11-30,1251.18
2822,158,11,4,2024-01-16,60.76
2823,86,14,2,2024-02-13,220.22
2824,135,18,3,2024-08-17,794.25
2825,163,19,5,2024-04-17,1094.05
2826,183,15,3,2024-08-04,285.0
2827,14,9,1,2024-09-16,302.55
2828,120,8,1,2024-11-07,433.76
2829,138,20,2,2024-11-15,298.32
2830,80,1,5,2024-07-14,952.0
2831,144,4,5,2024-04-04,1506.6999999999998
2832,182,14,3,2024-02-25,330.33
2833,106,2,2,2024-02-01,951.2
2834,70,16,5,2024-08-18,478.95000000000005
2835,44,3,1,2024-01-09,367.34
2836,73,8,3,2024-07-09,1301.28
2837,45,6,4,2024-12-26,328.88
2838,184,16,1,2024-07-18,95.79
2839,107,16,2,2024-11-29,191.58
2840,84,7,5,2024-06-09,168.75
2841,82,13,1,2024-03-27,417.06
2842,107,13,4,2024-01-21,1668.24
2843,185,5,4,2024-11-06,328.92
2844,21,20,2,2024-03-16,298.32
2845,196,18,1,2024-05-20,264.75
2846,178,15,3,2024-05-05,285.0
2847,161,18,1,2024-09-07,264.75
2848,7,2,4,2024-03-24,1902.4
2849,70,10,2,2024-02-17,711.0
2850,127,13,2,2024-03-18,834.12
2851,143,18,3,2024-01-30,794.25
2852,160,15,2,2024-10-11,190.0
2853,148,12,2,2024-05-15,970.22
2854,143,15,2,2024-05-19,190.0
2855,176,13,2,2024-02-10,834.12
2856,199,18,2,2024-10-08,529.5
2857,149,15,4,2024-02-19,380.0
2858,170,11,1,2024-09-14,15.19
2859,154,19,5,2024-11-06,1094.05
2860,120,3,2,2024-12-25,734.68
2861,128,7,5,2024-09-26,168.75
2862,142,14,5,2024-05-13,550.55
2863,57,14,4,2024-08-21,440.44
2864,165,13,2,2024-05-07,834.12
2865,58,12,5,2024-04-13,2425.55
2866,21,9,2,2024-09-10,605.1
2867,82,1,3,2024-04-04,571.2
2868,69,19,3,2024-12-02,656.4300000000001
2869,131,11,3,2024-08-04,45.57
2870,87,19,5,2024-03-01,1094.05
2871,165,18,3,2024-09-24,794.25
2872,49,12,4,2024-08-28,1940.44
2873,147,1,4,2024-01-13,761.6
2874,115,19,5,2024-05-26,1094.05
2875,89,20,2,2024-08-27,298.32
2876,85,17,1,2024-03-29,155.6
2877,128,5,2,2024-04-04,164.46
2878,140,3,2,2024-11-10,734.68
2879,189,2,2,2024-10-19,951.2
2880,169,3,2,2024-01-25,734.68
2881,161,8,1,2024-09-28,433.76
2882,178,16,3,2024-06-14,287.37
2883,117,6,2,2024-09-06,164.44
2884,196,13,4,2024-03-27,1668.24
2885,127,16,5,2024-05-21,478.95000000000005
2886,71,16,5,2024-05-13,478.95000000000005
2887,86,3,4,2024-10-05,1469.36
2888,33,13,2,2024-05-05,834.12
2889,81,14,1,2024-11-11,110.11
2890,152,8,3,2024-05-20,1301.28
2891,61,12,5,2024-12-21,2425.55
2892,61,8,3,2024-04-12,1301.28
2893,98,9,1,2024-08-13,302.55
2894,28,1,5,2024-03-03,952.0
2895,186,6,3,2024-10-20,246.66
2896,43,19,1,2024-11-01,218.81
2897,169,11,3,2024-09-10,45.57
2898,167,11,2,2024-06-28,30.38
2899,86,13,1,2024-02-09,417.06
2900,177,11,3,2024-09-20,45.57
2901,17,18,2,2024-07-07,529.5
2902,98,15,2,2024-01-08,190.0
2903,198,1,1,2024-04-13,190.4
2904,198,7,4,2024-08-12,135.0
2905,98,13,5,2024-02-03,2085.3
2906,65,12,1,2024-08-23,485.11
2907,74,18,2,2024-08-15,529.5
2908,85,19,2,2024-07-06,437.62
2909,5,15,1,2024-11-08,95.0
2910,2,8,4,2024-01-22,1735.04
2911,22,19,5,2024-12-08,1094.05
2912,112,10,3,2024-02-09,1066.5
2913,57,7,1,2024-06-21,33.75
2914,66,18,5,2024-06-27,1323.75
2915,74,16,5,2024-03-26,478.95000000000005
2916,98,20,2,2024-05-12,298.32
2917,144,6,3,2024-12-16,246.66
2918,112,9,1,2024-01-13,302.55
2919,179,13,2,2024-01-28,834.12
2920,125,8,2,2024-03-24,867.52
2921,167,16,4,2024-11-13,383.16
2922,86,13,5,2024-12-14,2085.3
2923,76,13,1,2024-12-08,417.06
2924,88,17,1,2024-10-06,155.6
2925,168,20,1,2024-12-19,149.16
2926,38,5,2,2024-09-19,164.46
2927,188,17,4,2024-06-14,622.4
2928,59,9,3,2024-10-19,907.6500000000001
2929,138,2,2,2024-03-08,951.2
2930,99,18,3,2024-08-13,794.25
2931,192,9,4,2024-06-18,1210.2
2932,63,6,5,2024-03-26,411.1
2933,49,11,1,2024-05-12,15.19
2934,192,6,3,2024-06-26,246.66
2935,32,6,2,2024-12-08,164.44
2936,135,13,3,2024-09-08,1251.18
2937,21,11,5,2024-01-15,75.95
2938,20,14,1,2024-08-10,110.11
2939,154,2,3,2024-07-19,1426.8000000000002
2940,127,8,5,2024-04-16,2168.8
2941,68,3,2,2024-09-06,734.68
2942,110,3,4,2024-03-29,1469.36
2943,116,1,2,2024-05-04,380.8
2944,143,19,1,2024-04-22,218.81
2945,120,18,2,2024-05-16,529.5
2946,79,17,2,2024-09-03,311.2
2947,116,20,2,2024-06-14,298.32
2948,92,13,2,2024-05-29,834.12
2949,14,3,1,2024-12-28,367.34
2950,155,1,5,2024-12-08,952.0
2951,125,4,3,2024-03-08,904.02
2952,168,13,4,2024-08-08,1668.24
2953,58,17,3,2024-09-27,466.79999999999995
2954,28,11,3,2024-11-16,45.57
2955,26,2,4,2024-11-05,1902.4
2956,113,16,1,2024-12-14,95.79
2957,191,2,4,2024-01-20,1902.4
2958,66,19,1,2024-10-15,218.81
2959,153,19,3,2024-04-09,656.4300000000001
2960,131,16,1,2024-09-08,95.79
2961,200,19,5,2024-03-17,1094.05
2962,44,9,4,2024-05-14,1210.2
2963,97,1,5,2024-06-21,952.0
2964,42,10,3,2024-12-28,1066.5
2965,6,19,4,2024-07-19,875.24
2966,167,1,3,2024-08-04,571.2
2967,180,2,5,2024-07-26,2378.0
2968,23,16,3,2024-03-14,287.37
2969,89,12,4,2024-01-11,1940.44
2970,123,8,4,2024-10-13,1735.04
2971,178,18,3,2024-09-12,794.25
2972,171,2,4,2024-01-12,1902.4
2973,147,13,4,2024-03-18,1668.24
2974,197,6,3,2024-06-20,246.66
2975,51,6,5,2024-04-05,411.1
2976,11,9,4,2024-11-01,1210.2
2977,12,16,4,2024-09-29,383.16
2978,74,11,4,2024-06-27,60.76
2979,8,7,4,2024-03-04,135.0
2980,152,10,3,2024-05-11,1066.5
2981,41,10,5,2024-12-08,1777.5
2982,164,20,5,2024-09-28,745.8
2983,85,18,1,2024-11-14,264.75
2984,72,20,4,2024-11-27,596.64
2985,55,9,4,2024-12-06,1210.2
2986,137,15,1,2024-04-18,95.0
2987,47,4,5,2024-09-29,1506.6999999999998
2988,143,8,2,2024-06-16,867.52
2989,176,9,2,2024-06-28,605.1
2990,104,13,5,2024-02-27,2085.3
2991,42,9,4,2024-03-19,1210.2
2992,60,4,2,2024-03-01,602.68
2993,198,17,3,2024-04-30,466.79999999999995
2994,12,16,3,2024-07-25,287.37
2995,130,15,1,2024-02-03,95.0
2996,7,3,5,2024-03-10,1836.6999999999998
2997,80,20,5,2024-01-17,745.8
2998,131,5,2,2024-01-20,164.46
2999,109,5,4,2024-11-10,328.92
3000,3,20,5,2024-03-09,745.8
